EmployeeID,Age,Department,JobRole,MonthlyIncome,YearsAtCompany,DistanceFromHome,EducationLevel,BusinessTravel,OverTime,JobSatisfaction,WorkLifeBalance,PerformanceRating,NumCompaniesWorked,PromotionLast5Years,Attrition
EMP00667,42,HR,Intern,2200.0,1,8.0,2,Travel_Rarely,Yes,1.0,2,4,1,1,Yes
EMP01143,45,Marketing,Junior,4031.18,2,1.0,2,Travel_Frequently,No,1.0,4,2,3,1,No
EMP00144,50,R&D,Senior,6435.72,6,27.0,2,Travel_Rarely,No,3.0,2,3,5,0,Yes
EMP00473,30,Engineering,Manager,9354.83,1,17.0,3,Non-Travel,No,4.0,4,4,1,0,No
EMP00249,32,HR,Senior,5501.54,1,3.0,1,Travel_Rarely,Yes,3.0,1,1,3,0,Yes
EMP00046,32,Engineering,Junior,5368.74,8,7.0,4,Travel_Frequently,No,2.0,2,3,1,0,Yes
EMP00922,26,R&D,Manager,9126.72,1,1.0,3,Travel_Rarely,No,3.0,2,3,2,0,No
EMP00828,23,R&D,Senior,5901.21,3,2.0,3,Travel_Rarely,No,2.0,3,3,2,1,No
EMP01354,28,Engineering,Junior,4377.59,3,11.0,3,Travel_Frequently,Yes,1.0,1,3,1,0,Yes
EMP01102,24,Sales,Junior,5587.15,4,1.0,3,Travel_Rarely,Yes,2.0,1,3,2,0,Yes
EMP01130,33,Engineering,Junior,3590.4,5,3.0,2,Travel_Rarely,No,3.0,4,4,4,1,No
EMP01314,26,Sales,Intern,4082.16,1,2.0,4,Travel_Frequently,No,4.0,2,3,0,0,No
EMP00070,44,R&D,Junior,,7,1.0,3,Travel_Rarely,No,,3,3,2,0,Yes
EMP01038,20,Sales,Junior,4460.23,0,12.0,3,Travel_Rarely,No,3.0,2,2,3,0,Yes
EMP01367,23,R&D,Junior,4266.77,2,17.0,2,Travel_Rarely,Yes,2.0,2,3,2,1,No
EMP00817,30,Marketing,Intern,,2,,4,Travel_Rarely,Yes,,3,3,1,0,No
EMP00679,35,R&D,Manager,11494.49,11,1.0,2,Travel_Rarely,No,3.0,4,3,4,0,No
EMP00465,41,Engineering,Junior,6057.7,2,5.0,4,Travel_Rarely,Yes,4.0,2,2,3,0,Yes
EMP00231,25,Engineering,Manager,8874.36,0,5.0,3,Travel_Rarely,Yes,2.0,1,3,7,0,Yes
EMP00620,35,Engineering,Intern,5074.47,11,1.0,4,Travel_Rarely,No,4.0,3,4,2,1,No
EMP00342,45,R&D,Senior,8724.34,10,13.0,5,Travel_Rarely,No,2.0,3,3,2,0,No
EMP00543,20,Marketing,Manager,9474.86,0,1.0,4,Travel_Frequently,No,4.0,2,3,2,1,No
EMP00970,44,Sales,Senior,6681.31,1,5.0,3,Travel_Rarely,No,4.0,3,3,3,0,No
EMP00495,35,Engineering,Junior,3740.71,2,11.0,2,Travel_Rarely,No,4.0,2,4,2,0,Yes
EMP01253,37,Engineering,Junior,4279.96,2,6.0,2,Travel_Rarely,No,3.0,4,3,2,0,Yes
EMP00015,25,R&D,Intern,3909.26,2,2.0,3,Travel_Rarely,Yes,1.0,3,3,2,1,Yes
EMP01082,37,Engineering,Senior,9678.95,12,11.0,4,Travel_Rarely,No,3.0,3,3,4,0,No
EMP01388,38,Sales,Junior,,1,,4,Travel_Rarely,No,,3,3,0,0,No
EMP00923,39,HR,Executive,16510.97,5,8.0,4,Travel_Rarely,Yes,3.0,4,3,1,0,No
EMP00418,33,HR,Manager,9598.16,0,3.0,4,Non-Travel,No,3.0,2,2,2,0,No
EMP00247,35,R&D,Junior,5065.25,11,24.0,2,Travel_Frequently,No,4.0,2,3,1,0,No
EMP00273,35,Sales,Junior,4082.07,1,16.0,2,Travel_Frequently,No,3.0,3,3,2,0,No
EMP01057,29,HR,Junior,5986.61,8,1.0,3,Travel_Frequently,Yes,3.0,1,3,2,0,No
EMP00682,38,Sales,Junior,5239.22,1,1.0,5,Travel_Rarely,Yes,4.0,1,3,0,0,No
EMP01240,34,Sales,Senior,7650.17,1,19.0,4,Non-Travel,No,4.0,3,3,3,1,No
EMP01360,39,R&D,Senior,6173.16,0,21.0,2,Travel_Frequently,No,3.0,3,2,1,0,Yes
EMP01274,20,Engineering,Senior,6621.11,0,5.0,3,Travel_Rarely,No,3.0,3,3,2,0,No
EMP00527,55,Engineering,Manager,9994.13,2,15.0,2,Travel_Rarely,No,3.0,4,3,1,0,No
EMP00663,32,Engineering,Junior,4735.87,2,13.0,4,Non-Travel,Yes,3.0,3,3,2,0,No
EMP00357,38,Engineering,Manager,11285.64,1,1.0,5,Travel_Rarely,No,3.0,4,4,1,0,No
EMP00089,43,Marketing,Junior,6384.99,3,6.0,5,Travel_Rarely,No,3.0,3,4,3,1,No
EMP01168,45,Sales,Manager,10086.36,5,1.0,3,Travel_Rarely,No,2.0,4,1,5,1,No
EMP00902,31,Sales,Junior,4815.6,1,10.0,4,Travel_Rarely,No,3.0,3,3,1,0,No
EMP00860,30,R&D,Intern,,10,,4,Travel_Rarely,Yes,,2,3,2,0,No
EMP01059,33,Sales,Junior,5867.05,13,1.0,3,Travel_Rarely,Yes,3.0,3,4,3,0,Yes
EMP01142,41,R&D,Junior,4753.21,3,9.0,2,Travel_Rarely,Yes,3.0,2,3,2,0,Yes
EMP00954,47,Engineering,Executive,15563.6,9,1.0,1,Travel_Frequently,No,3.0,4,2,4,1,Yes
EMP00146,43,Sales,Senior,9064.45,11,31.0,3,Travel_Rarely,No,2.0,4,3,6,0,Yes
EMP01131,53,HR,Senior,7751.76,3,1.0,4,Travel_Rarely,No,3.0,3,3,0,0,No
EMP00463,47,Marketing,Junior,4552.93,1,8.0,5,Travel_Frequently,No,4.0,3,3,1,0,Yes
EMP01238,29,Sales,Manager,10195.05,7,38.0,4,Travel_Rarely,Yes,3.0,2,3,1,1,No
EMP01473,32,Engineering,Senior,7699.67,3,2.0,5,Travel_Rarely,Yes,4.0,3,3,1,0,Yes
EMP00404,37,R&D,Intern,3563.81,7,28.0,4,Travel_Rarely,No,2.0,3,4,0,0,No
EMP00138,40,Sales,Junior,3596.41,0,9.0,2,Travel_Rarely,No,3.0,3,3,2,0,No
EMP00867,34,Engineering,Senior,7171.79,6,4.0,2,Travel_Rarely,Yes,3.0,3,3,1,0,No
EMP00240,38,R&D,Manager,9890.28,1,1.0,2,Travel_Frequently,Yes,4.0,2,2,2,0,No
EMP00827,32,Marketing,Junior,5700.26,2,23.0,4,Travel_Rarely,No,3.0,2,3,1,0,No
EMP00542,42,Engineering,Junior,4686.93,2,1.0,4,Travel_Rarely,No,3.0,2,3,4,0,No
EMP01024,36,R&D,Senior,8009.28,9,12.0,2,Non-Travel,Yes,3.0,1,3,1,0,No
EMP00370,30,R&D,Manager,11080.13,2,7.0,5,Travel_Rarely,No,2.0,3,3,2,0,No
EMP01213,27,Sales,Junior,4422.7,4,3.0,2,Travel_Rarely,No,3.0,2,3,3,0,No
EMP00504,33,Marketing,Junior,4216.06,2,10.0,2,Travel_Rarely,No,1.0,4,2,3,0,No
EMP01480,28,Sales,Junior,4431.65,5,1.0,3,Travel_Frequently,No,2.0,3,2,4,0,No
EMP00814,52,R&D,Junior,4594.01,3,2.0,4,Travel_Rarely,No,3.0,4,3,2,0,No
EMP00205,27,Engineering,Junior,5041.19,5,15.0,3,Travel_Rarely,No,4.0,2,3,0,0,No
EMP01199,34,Engineering,Manager,9475.92,2,1.0,2,Non-Travel,No,3.0,4,4,2,0,No
EMP01146,35,Sales,Manager,12101.3,15,16.0,2,Travel_Frequently,No,2.0,2,4,1,0,No
EMP00458,34,Engineering,Senior,5876.55,1,5.0,3,Travel_Frequently,No,4.0,3,3,1,0,No
EMP00184,48,Sales,Senior,7193.45,4,6.0,3,Travel_Rarely,Yes,2.0,2,3,3,0,No
EMP00281,51,Sales,Manager,11629.51,3,6.0,4,Travel_Frequently,No,3.0,2,3,0,1,No
EMP00477,35,Sales,Junior,3857.15,3,36.0,2,Travel_Rarely,Yes,1.0,1,1,3,1,Yes
EMP01433,28,R&D,Senior,7742.58,2,1.0,4,Travel_Frequently,No,4.0,2,4,2,0,No
EMP00931,50,R&D,Junior,5421.06,4,10.0,4,Travel_Frequently,No,3.0,2,3,3,1,No
EMP01105,44,HR,Senior,7954.67,5,8.0,3,Travel_Rarely,No,3.0,2,4,3,1,No
EMP00308,34,Marketing,Intern,2637.5,2,4.0,3,Travel_Rarely,No,1.0,4,3,2,1,No
EMP00420,42,Sales,Junior,5103.27,4,2.0,3,Travel_Frequently,No,4.0,3,3,0,0,No
EMP01135,36,Engineering,Junior,3870.95,1,8.0,2,Non-Travel,No,3.0,3,4,0,0,No
EMP01222,36,Engineering,Junior,4900.06,3,4.0,3,Travel_Frequently,No,3.0,1,3,3,0,No
EMP00499,33,Engineering,Executive,18305.36,8,5.0,5,Travel_Rarely,No,2.0,3,2,1,0,No
EMP01487,34,R&D,Intern,3507.33,0,22.0,3,Travel_Rarely,No,3.0,4,1,2,0,Yes
EMP01267,40,Sales,Senior,7212.42,1,3.0,5,Travel_Rarely,No,4.0,3,4,1,0,No
EMP00471,45,Sales,Intern,3869.4,3,2.0,3,Travel_Rarely,No,3.0,3,3,3,0,Yes
EMP01155,39,Engineering,Junior,6935.08,19,11.0,3,Travel_Frequently,No,1.0,3,3,0,0,No
EMP01229,20,Sales,Manager,11244.75,0,1.0,5,Travel_Rarely,No,1.0,3,2,2,0,Yes
EMP00602,26,Sales,Junior,3592.9,2,1.0,2,Travel_Rarely,No,4.0,4,3,3,1,No
EMP01407,32,R&D,Intern,3598.88,7,4.0,2,Travel_Rarely,No,3.0,3,4,2,0,No
EMP00789,22,Engineering,Junior,5259.66,2,6.0,4,Travel_Rarely,Yes,3.0,3,4,2,0,Yes
EMP00530,38,R&D,Junior,5962.7,3,3.0,4,Travel_Rarely,No,4.0,4,3,2,0,No
EMP00310,42,Engineering,Senior,7416.34,6,1.0,2,Travel_Rarely,No,2.0,3,3,1,0,No
EMP00932,37,R&D,Senior,6134.69,3,9.0,2,Travel_Rarely,No,3.0,3,3,4,0,Yes
EMP01421,28,Engineering,Junior,6248.46,4,3.0,5,Travel_Rarely,No,4.0,4,4,6,0,No
EMP00072,31,Sales,Junior,5162.87,7,3.0,3,Travel_Rarely,No,4.0,3,3,4,0,No
EMP01452,40,Marketing,Junior,4398.9,1,12.0,3,Travel_Rarely,Yes,3.0,2,3,4,0,Yes
EMP00874,28,HR,Senior,9432.74,8,1.0,4,Travel_Rarely,Yes,2.0,1,3,3,0,No
EMP00764,44,Engineering,Manager,10281.23,3,12.0,4,Travel_Rarely,No,3.0,2,3,1,0,Yes
EMP00826,30,R&D,Senior,6468.23,1,1.0,2,Travel_Rarely,No,4.0,4,3,1,0,No
EMP00799,39,Marketing,Junior,4786.4,1,16.0,3,Travel_Rarely,Yes,2.0,1,2,2,1,No
EMP00069,50,Engineering,Junior,4497.06,3,2.0,3,Travel_Rarely,No,2.0,4,3,4,0,No
EMP00059,47,HR,Senior,6448.81,1,14.0,4,Travel_Rarely,Yes,2.0,2,2,5,1,No
EMP00319,30,HR,Senior,8884.39,10,1.0,4,Travel_Frequently,No,3.0,2,4,2,0,No
EMP00561,20,R&D,Junior,3703.65,0,8.0,3,Travel_Frequently,No,2.0,3,3,5,1,No
EMP00242,53,R&D,Senior,8832.1,2,3.0,5,Travel_Frequently,No,2.0,4,3,3,0,Yes
EMP01385,36,R&D,Senior,6994.3,3,8.0,3,Non-Travel,No,4.0,3,4,0,0,No
EMP00791,31,Sales,Junior,6984.42,11,1.0,4,Non-Travel,No,3.0,3,1,4,0,No
EMP01153,38,HR,Junior,4200.52,2,31.0,2,Travel_Rarely,No,2.0,3,3,3,1,No
EMP00227,39,R&D,Junior,5852.4,3,1.0,5,Travel_Frequently,Yes,2.0,1,4,5,0,Yes
EMP00612,49,Engineering,Junior,5869.1,5,3.0,2,Travel_Rarely,Yes,2.0,2,4,2,1,No
EMP00198,46,R&D,Senior,8099.13,2,32.0,4,Travel_Rarely,No,3.0,3,4,2,0,No
EMP00143,34,Sales,Senior,7506.59,10,1.0,2,Travel_Rarely,Yes,3.0,2,3,5,0,Yes
EMP00654,35,Marketing,Manager,11339.18,2,7.0,5,Travel_Rarely,No,3.0,4,3,2,0,No
EMP01204,38,Marketing,Manager,10410.8,2,1.0,4,Travel_Rarely,Yes,2.0,3,3,2,0,Yes
EMP01008,33,HR,Senior,7762.95,6,13.0,2,Non-Travel,No,4.0,2,3,2,0,Yes
EMP00158,29,Marketing,Junior,5647.16,5,5.0,4,Travel_Rarely,No,2.0,3,3,1,0,No
EMP01281,32,Engineering,Junior,4180.66,1,24.0,1,Travel_Rarely,No,3.0,3,3,2,0,No
EMP00845,45,HR,Junior,5088.59,4,7.0,4,Non-Travel,Yes,2.0,2,2,0,0,No
EMP01302,38,Engineering,Junior,3760.82,3,3.0,3,Travel_Rarely,No,3.0,2,2,5,1,No
EMP00774,34,Engineering,Senior,7290.41,9,6.0,2,Travel_Rarely,No,3.0,3,3,1,1,No
EMP00591,31,R&D,Junior,4611.78,1,1.0,3,Travel_Frequently,No,2.0,2,2,2,0,No
EMP00493,35,Engineering,Manager,10240.6,2,17.0,4,Travel_Rarely,No,3.0,2,3,4,0,No
EMP00889,44,R&D,Senior,7802.96,1,6.0,5,Non-Travel,No,3.0,2,3,0,0,No
EMP00598,49,Sales,Senior,6026.68,3,11.0,1,Travel_Rarely,No,4.0,4,3,2,0,No
EMP01037,24,Engineering,Senior,7180.0,0,10.0,4,Travel_Frequently,No,2.0,3,3,4,0,No
EMP00480,31,Sales,Senior,5413.38,0,15.0,2,Travel_Rarely,No,3.0,2,3,4,1,No
EMP00800,38,R&D,Junior,4722.38,2,9.0,4,Travel_Frequently,No,2.0,3,3,4,0,Yes
EMP01169,25,Engineering,Senior,7295.77,2,6.0,3,Travel_Rarely,No,3.0,2,3,1,0,No
EMP01174,47,Sales,Junior,6163.2,6,1.0,4,Travel_Rarely,No,3.0,2,3,4,0,No
EMP00485,41,Marketing,Senior,6418.15,6,3.0,3,Travel_Rarely,No,3.0,3,4,4,0,No
EMP00288,40,HR,Senior,7409.79,8,19.0,2,Travel_Rarely,Yes,3.0,2,2,1,1,No
EMP00716,21,R&D,Manager,8974.86,1,2.0,1,Travel_Rarely,No,4.0,2,4,2,0,Yes
EMP00102,47,R&D,Junior,4076.6,1,2.0,3,Travel_Rarely,Yes,2.0,2,3,1,0,Yes
EMP00746,26,HR,Manager,10086.44,6,2.0,2,Travel_Frequently,Yes,2.0,2,3,2,0,Yes
EMP01208,42,R&D,Junior,5485.27,9,1.0,2,Travel_Frequently,No,3.0,3,2,1,1,No
EMP01149,58,Engineering,Junior,4958.81,3,3.0,5,Travel_Frequently,No,2.0,4,3,5,1,No
EMP01460,31,Marketing,Junior,5071.96,6,1.0,2,Travel_Rarely,No,2.0,3,3,6,0,No
EMP01499,51,Sales,Intern,5571.92,12,2.0,5,Travel_Rarely,Yes,2.0,3,1,2,0,No
EMP00646,37,R&D,Manager,12519.34,10,11.0,5,Travel_Frequently,Yes,3.0,3,3,5,0,Yes
EMP00353,31,HR,Junior,3675.98,1,13.0,2,Travel_Rarely,No,2.0,4,3,2,0,No
EMP01101,46,Marketing,Senior,8232.91,4,7.0,4,Non-Travel,Yes,3.0,2,3,2,0,No
EMP00437,50,Engineering,Junior,2239.89,1,1.0,1,Travel_Rarely,No,3.0,2,3,2,0,No
EMP00722,34,Engineering,Intern,2200.0,1,1.0,4,Non-Travel,Yes,1.0,3,3,1,0,Yes
EMP00066,23,Sales,Intern,4410.19,2,3.0,3,Non-Travel,No,4.0,2,3,1,0,No
EMP01484,42,Sales,Junior,6297.49,13,4.0,3,Travel_Frequently,No,2.0,3,3,4,0,No
EMP00718,36,Sales,Manager,9487.96,2,3.0,2,Travel_Frequently,No,3.0,2,2,1,0,Yes
EMP00926,20,Engineering,Senior,5598.95,0,19.0,3,Travel_Rarely,Yes,2.0,2,3,1,0,No
EMP00886,22,Engineering,Manager,10883.81,1,1.0,4,Travel_Rarely,No,2.0,2,4,1,0,Yes
EMP01455,40,Engineering,Junior,4617.07,4,17.0,2,Travel_Frequently,Yes,3.0,2,3,2,1,Yes
EMP00995,37,Engineering,Senior,6971.55,1,3.0,4,Travel_Frequently,No,3.0,1,3,1,0,No
EMP00312,34,Engineering,Senior,7031.41,0,2.0,3,Non-Travel,No,3.0,4,3,2,0,No
EMP00489,35,R&D,Intern,4224.59,4,35.0,4,Travel_Rarely,Yes,3.0,1,3,1,0,Yes
EMP01317,40,HR,Junior,5180.67,6,10.0,3,Travel_Rarely,Yes,2.0,1,3,5,0,Yes
EMP00520,37,Sales,Manager,9508.14,1,7.0,4,Travel_Rarely,Yes,3.0,3,3,2,0,No
EMP01445,26,Marketing,Senior,6359.61,1,7.0,1,Non-Travel,No,2.0,3,3,0,0,No
EMP01248,40,Sales,Junior,6527.92,4,15.0,5,Travel_Rarely,No,3.0,2,3,3,0,No
EMP01307,30,R&D,Senior,6934.29,4,9.0,2,Travel_Frequently,Yes,3.0,2,3,4,0,No
EMP01355,39,Sales,Junior,4211.9,1,1.0,2,Travel_Rarely,No,4.0,3,3,2,0,No
EMP00182,44,R&D,Executive,16682.7,6,10.0,4,Travel_Frequently,No,3.0,2,2,2,0,No
EMP00200,43,HR,Manager,11091.25,6,8.0,5,Travel_Rarely,Yes,2.0,2,3,5,0,No
EMP01318,27,HR,Junior,4230.76,1,1.0,3,Travel_Rarely,No,1.0,4,2,5,1,No
EMP00797,31,Engineering,Intern,3486.17,4,12.0,4,Travel_Rarely,No,1.0,4,2,2,0,No
EMP00337,41,Sales,Intern,3345.84,1,1.0,5,Travel_Rarely,No,4.0,4,4,7,0,No
EMP01332,48,Sales,Senior,7365.9,5,20.0,4,Travel_Rarely,Yes,3.0,2,3,2,0,Yes
EMP01078,44,HR,Manager,9992.92,4,7.0,1,Travel_Rarely,No,4.0,3,3,3,0,No
EMP00047,39,R&D,Junior,5063.28,4,20.0,4,Non-Travel,No,1.0,3,1,3,0,Yes
EMP00403,37,R&D,Junior,4271.72,3,1.0,3,Travel_Frequently,No,3.0,3,3,1,0,No
EMP00355,30,Engineering,Junior,5583.47,1,5.0,5,Travel_Rarely,No,3.0,2,4,1,0,Yes
EMP00422,46,Marketing,Junior,3250.74,2,1.0,1,Travel_Rarely,No,3.0,3,3,1,0,No
EMP00745,47,Engineering,Junior,4717.69,3,1.0,2,Travel_Frequently,Yes,2.0,2,2,2,0,Yes
EMP00371,20,R&D,Manager,9887.41,0,2.0,4,Travel_Frequently,Yes,3.0,2,3,1,0,No
EMP00830,35,HR,Manager,10026.73,5,5.0,2,Travel_Rarely,No,4.0,4,2,6,0,No
EMP01183,23,Marketing,Junior,5083.37,3,2.0,3,Travel_Rarely,Yes,2.0,1,3,0,0,No
EMP00668,49,Sales,Executive,17296.72,10,18.0,4,Travel_Rarely,Yes,4.0,2,4,0,1,No
EMP00730,29,Sales,Junior,4341.3,1,19.0,2,Travel_Rarely,No,3.0,2,3,1,0,Yes
EMP00871,34,Sales,Senior,9715.53,14,13.0,4,Travel_Rarely,No,2.0,3,1,1,1,No
EMP00659,40,R&D,Senior,6081.76,3,14.0,2,Travel_Rarely,No,4.0,3,3,0,0,No
EMP01412,32,Sales,Manager,9829.73,3,1.0,2,Travel_Rarely,No,2.0,2,3,3,1,No
EMP00174,24,Sales,Junior,5192.6,3,9.0,4,Non-Travel,No,3.0,3,4,4,0,No
EMP00872,50,HR,Senior,7966.8,4,3.0,5,Non-Travel,Yes,3.0,3,3,0,0,Yes
EMP01325,35,Sales,Junior,3701.26,4,1.0,2,Travel_Rarely,No,3.0,2,4,1,0,No
EMP01237,32,HR,Junior,5442.49,8,4.0,4,Travel_Rarely,Yes,2.0,3,2,3,1,No
EMP01092,48,Sales,Intern,3063.9,2,3.0,2,Travel_Rarely,No,3.0,2,3,3,1,No
EMP00802,43,Sales,Manager,10044.19,3,9.0,3,Travel_Rarely,Yes,2.0,3,3,3,1,No
EMP01148,48,Sales,Manager,10724.97,7,3.0,3,Travel_Rarely,No,1.0,3,3,4,0,No
EMP01483,46,Engineering,Senior,6572.25,2,1.0,4,Non-Travel,No,4.0,3,3,4,0,No
EMP00573,54,Engineering,Senior,7074.93,2,37.0,4,Travel_Rarely,No,4.0,2,3,1,1,No
EMP01451,31,Sales,Junior,4164.46,2,3.0,4,Non-Travel,Yes,2.0,2,4,3,0,No
EMP01079,40,Engineering,Senior,7594.35,2,4.0,4,Non-Travel,No,2.0,2,3,1,0,Yes
EMP01264,40,Marketing,Senior,8253.2,1,1.0,4,Travel_Rarely,No,3.0,3,3,3,1,No
EMP01448,23,Sales,Manager,10234.67,3,16.0,3,Travel_Frequently,No,1.0,3,3,3,0,No
EMP01334,49,Sales,Junior,3195.96,3,6.0,3,Travel_Rarely,Yes,3.0,2,4,5,0,Yes
EMP00696,42,Marketing,Manager,11752.15,15,8.0,2,Travel_Rarely,No,2.0,3,3,1,0,No
EMP00822,42,Engineering,Manager,9370.25,6,1.0,1,Non-Travel,No,4.0,3,3,2,0,No
EMP00545,37,Sales,Junior,5437.56,9,1.0,3,Travel_Rarely,Yes,2.0,1,4,5,0,Yes
EMP00115,39,Engineering,Junior,6557.91,7,10.0,4,Non-Travel,No,3.0,2,4,1,0,No
EMP00306,30,R&D,Junior,6119.24,2,24.0,5,Travel_Rarely,No,4.0,4,3,5,0,No
EMP00124,38,Engineering,Junior,5239.07,2,19.0,3,Travel_Frequently,No,3.0,2,4,2,0,No
EMP01040,26,Engineering,Senior,8386.4,6,8.0,3,Non-Travel,Yes,2.0,2,3,1,0,No
EMP00695,30,Engineering,Senior,6374.41,1,8.0,2,Non-Travel,No,3.0,4,3,2,1,No
EMP00333,30,Sales,Junior,4163.49,1,10.0,1,Travel_Rarely,Yes,2.0,3,3,3,0,Yes
EMP00364,26,Engineering,Manager,11591.16,6,16.0,1,Travel_Frequently,No,3.0,3,2,0,1,No
EMP00018,36,R&D,Junior,5469.28,8,1.0,3,Travel_Rarely,No,4.0,4,3,3,0,No
EMP00264,36,Engineering,Intern,2200.0,1,1.0,3,Travel_Rarely,No,2.0,4,3,3,1,No
EMP00279,28,Sales,Senior,7266.5,5,1.0,4,Travel_Rarely,No,4.0,4,4,4,0,No
EMP01309,44,Sales,Senior,8252.66,4,3.0,4,Travel_Frequently,No,3.0,2,3,1,0,No
EMP01044,41,Marketing,Senior,7001.48,1,12.0,4,Travel_Rarely,No,3.0,2,3,1,0,No
EMP01134,41,R&D,Senior,7058.84,1,6.0,3,Travel_Frequently,Yes,2.0,1,3,1,1,No
EMP01319,56,Sales,Manager,10140.89,7,3.0,2,Travel_Rarely,Yes,2.0,2,3,2,1,No
EMP00673,50,R&D,Senior,5910.51,1,7.0,2,Travel_Rarely,No,3.0,3,4,1,0,No
EMP00619,24,Sales,Junior,3786.84,3,24.0,2,Travel_Rarely,No,3.0,3,4,4,1,No
EMP00412,36,Engineering,Junior,3983.0,0,28.0,2,Non-Travel,No,3.0,3,4,2,0,No
EMP01413,43,R&D,Senior,7007.81,4,4.0,4,Travel_Frequently,No,3.0,3,3,3,0,Yes
EMP01180,44,Marketing,Junior,4147.7,3,3.0,3,Travel_Rarely,No,2.0,2,4,1,0,No
EMP00804,40,Engineering,Senior,7338.11,2,15.0,3,Travel_Rarely,No,2.0,4,2,0,0,No
EMP00034,41,R&D,Intern,3234.79,0,6.0,3,Travel_Rarely,Yes,1.0,1,3,3,1,No
EMP00836,28,Sales,Junior,5706.88,1,12.0,4,Travel_Frequently,No,2.0,2,2,2,0,No
EMP00594,33,R&D,Executive,15449.05,2,9.0,4,Travel_Rarely,No,4.0,2,4,1,1,No
EMP00386,32,Engineering,Senior,5972.58,3,2.0,2,Travel_Rarely,No,4.0,2,4,1,0,No
EMP00983,20,Marketing,Junior,4264.62,0,1.0,5,Travel_Rarely,No,4.0,2,4,1,0,Yes
EMP01362,44,Engineering,Junior,5730.86,4,2.0,3,Travel_Rarely,No,4.0,2,4,2,1,No
EMP01364,33,Sales,Manager,10507.5,2,10.0,3,Non-Travel,Yes,1.0,3,3,0,1,Yes
EMP00269,29,Marketing,Junior,5866.99,6,7.0,3,Non-Travel,No,3.0,3,2,2,0,Yes
EMP01115,23,Engineering,Senior,5952.4,2,10.0,2,Travel_Frequently,No,3.0,2,4,4,0,No
EMP00466,37,Sales,Junior,4980.83,2,10.0,4,Non-Travel,No,4.0,4,1,2,1,No
EMP01181,35,Sales,Senior,7317.97,3,32.0,4,Travel_Frequently,No,3.0,4,3,2,1,No
EMP00916,34,R&D,Junior,5010.9,1,23.0,4,Travel_Rarely,No,3.0,3,3,0,0,No
EMP01019,36,Sales,Junior,6983.13,14,1.0,3,Travel_Rarely,No,3.0,4,3,6,0,No
EMP01498,34,Engineering,Senior,7830.89,5,9.0,4,Travel_Rarely,No,4.0,2,4,5,1,No
EMP00350,30,R&D,Junior,,2,1.0,1,Travel_Rarely,Yes,,3,4,3,0,No
EMP00758,26,Sales,Senior,5495.32,1,6.0,2,Travel_Rarely,No,1.0,4,3,2,0,No
EMP00366,28,R&D,Senior,7584.74,4,10.0,3,Non-Travel,Yes,3.0,3,3,2,0,No
EMP01109,30,Sales,Senior,7856.02,4,7.0,3,Travel_Rarely,No,3.0,4,4,2,1,No
EMP00910,34,R&D,Senior,6271.71,1,10.0,3,Travel_Rarely,No,3.0,3,2,4,0,No
EMP01171,43,R&D,Junior,5781.33,5,8.0,4,Travel_Rarely,No,1.0,2,3,3,1,No
EMP00820,29,Engineering,Senior,7075.54,1,10.0,4,Travel_Rarely,No,3.0,3,4,4,0,Yes
EMP00334,27,Engineering,Junior,4845.15,1,4.0,4,Travel_Rarely,Yes,3.0,3,3,3,0,Yes
EMP00284,47,Sales,Senior,8345.71,11,1.0,3,Travel_Rarely,Yes,3.0,2,4,8,0,No
EMP00449,24,R&D,Junior,6248.28,3,13.0,4,Non-Travel,No,2.0,1,1,2,1,No
EMP00094,42,Marketing,Executive,14682.54,1,16.0,2,Travel_Rarely,No,4.0,3,3,3,1,No
EMP01408,49,HR,Manager,10576.33,3,14.0,4,Travel_Rarely,No,3.0,3,3,0,1,No
EMP00587,42,Sales,Senior,7400.81,2,4.0,3,Travel_Rarely,No,4.0,4,2,0,0,No
EMP01492,51,R&D,Senior,6574.32,2,30.0,3,Travel_Rarely,Yes,1.0,2,3,2,1,Yes
EMP00509,34,R&D,Senior,6579.1,2,1.0,3,Travel_Rarely,No,3.0,4,2,3,1,No
EMP00915,38,Sales,Junior,4747.06,5,5.0,2,Travel_Rarely,No,3.0,4,3,1,0,No
EMP00324,45,Engineering,Senior,7652.76,4,1.0,3,Travel_Rarely,No,3.0,2,3,3,1,No
EMP00274,21,Marketing,Senior,6489.11,1,1.0,3,Non-Travel,No,3.0,4,4,1,0,No
EMP00162,44,Engineering,Intern,2611.97,2,1.0,4,Travel_Frequently,Yes,3.0,1,4,1,0,Yes
EMP00999,37,Engineering,Senior,6682.71,3,3.0,3,Travel_Rarely,Yes,2.0,4,3,0,0,No
EMP00924,37,R&D,Senior,7843.15,10,15.0,1,Travel_Rarely,No,2.0,4,3,2,0,No
EMP00815,35,R&D,Senior,8603.71,7,3.0,4,Travel_Rarely,Yes,1.0,1,3,0,0,No
EMP01114,46,Sales,Junior,5791.35,4,14.0,4,Travel_Rarely,Yes,3.0,2,4,4,0,No
EMP00113,40,HR,Intern,5186.53,12,6.0,4,Travel_Rarely,Yes,2.0,2,3,1,0,No
EMP00533,46,Sales,Manager,10716.14,8,3.0,2,Travel_Rarely,Yes,3.0,3,3,2,1,No
EMP00110,52,R&D,Intern,5312.4,13,14.0,4,Travel_Rarely,Yes,3.0,2,4,2,0,No
EMP00644,27,Marketing,Senior,7932.02,7,5.0,4,Non-Travel,Yes,2.0,1,3,1,1,No
EMP01133,43,Sales,Manager,9751.34,1,9.0,2,Travel_Rarely,No,3.0,2,4,1,1,Yes
EMP00189,41,Marketing,Junior,5009.09,11,10.0,2,Travel_Rarely,No,2.0,2,3,2,1,No
EMP01313,39,Engineering,Junior,5023.76,3,9.0,4,Travel_Frequently,No,3.0,3,3,1,0,No
EMP00769,44,Sales,Senior,5763.11,1,3.0,3,Travel_Frequently,Yes,2.0,1,4,2,0,No
EMP01472,22,Engineering,Junior,4608.3,1,16.0,3,Travel_Rarely,Yes,4.0,3,4,2,0,No
EMP01482,24,Marketing,Junior,3465.61,4,1.0,3,Non-Travel,Yes,3.0,2,3,0,0,No
EMP01138,36,R&D,Manager,10451.49,0,23.0,4,Travel_Rarely,No,2.0,3,3,2,1,No
EMP00676,52,R&D,Senior,,5,21.0,2,Travel_Rarely,No,2.0,1,4,3,0,No
EMP00419,28,Engineering,Manager,10501.42,2,9.0,3,Travel_Frequently,Yes,2.0,2,3,1,0,No
EMP00019,32,Marketing,Senior,7244.63,7,2.0,2,Travel_Frequently,No,3.0,3,4,2,0,No
EMP00309,41,Engineering,Junior,5243.82,8,2.0,2,Non-Travel,No,2.0,3,2,2,0,Yes
EMP00678,30,Engineering,Senior,8271.43,7,2.0,4,Travel_Rarely,No,2.0,3,3,2,0,No
EMP00706,35,Engineering,Senior,7663.6,10,1.0,2,Travel_Rarely,Yes,3.0,2,3,3,0,No
EMP00691,37,Sales,Senior,8036.23,7,1.0,4,Non-Travel,Yes,2.0,1,3,1,0,No
EMP00788,27,R&D,Manager,9908.65,3,3.0,4,Travel_Rarely,Yes,3.0,1,3,1,1,No
EMP00581,24,Sales,Junior,4254.69,0,4.0,4,Travel_Rarely,Yes,3.0,3,3,3,0,No
EMP01242,49,Sales,Senior,7619.2,2,11.0,4,Travel_Rarely,Yes,3.0,4,3,3,0,Yes
EMP01156,50,Engineering,Junior,6641.13,18,7.0,2,Travel_Rarely,No,2.0,4,2,3,0,No
EMP00600,46,R&D,Senior,5966.39,3,8.0,1,Travel_Frequently,No,2.0,4,4,5,0,No
EMP00287,30,Engineering,Junior,5390.78,3,2.0,4,Non-Travel,No,4.0,3,4,3,0,No
EMP01080,24,Sales,Senior,7075.39,4,5.0,2,Travel_Frequently,No,3.0,3,2,5,0,Yes
EMP00604,32,HR,Junior,4041.24,0,9.0,4,Travel_Frequently,Yes,3.0,1,3,3,0,Yes
EMP00257,40,HR,Senior,5615.0,1,12.0,2,Travel_Frequently,No,3.0,2,3,1,1,No
EMP00213,47,R&D,Junior,6962.51,13,4.0,3,Travel_Frequently,No,3.0,2,3,1,0,No
EMP00260,36,R&D,Senior,8057.03,10,21.0,2,Travel_Rarely,No,4.0,3,3,3,1,No
EMP00580,28,Marketing,Intern,3096.84,1,1.0,3,Travel_Rarely,Yes,3.0,3,4,2,0,No
EMP01068,39,Engineering,Senior,6446.37,1,13.0,3,Travel_Rarely,No,4.0,2,3,2,0,No
EMP00967,36,Engineering,Senior,8264.42,2,16.0,4,Travel_Rarely,No,3.0,3,3,3,0,Yes
EMP00236,42,HR,Manager,9685.8,2,12.0,4,Travel_Frequently,No,1.0,2,4,2,0,No
EMP01028,23,Sales,Senior,7282.28,0,1.0,3,Travel_Rarely,No,4.0,4,4,3,0,No
EMP01475,31,Marketing,Executive,15984.8,2,16.0,4,Travel_Rarely,No,1.0,3,3,3,0,Yes
EMP00660,36,HR,Junior,5449.41,7,7.0,4,Travel_Frequently,No,2.0,3,3,1,0,Yes
EMP00822,42,Engineering,Manager,9370.25,6,1.0,1,Non-Travel,No,4.0,3,3,2,0,No
EMP00022,56,Marketing,Senior,7819.37,2,1.0,2,Travel_Rarely,No,4.0,2,3,4,0,No
EMP00796,49,Marketing,Manager,11151.94,9,3.0,4,Non-Travel,Yes,2.0,1,2,2,0,Yes
EMP01324,30,Engineering,Senior,6769.99,1,20.0,3,Travel_Rarely,No,3.0,2,3,0,0,No
EMP01422,29,Engineering,Senior,6199.38,0,1.0,2,Travel_Rarely,No,3.0,4,3,1,0,No
EMP01177,35,Engineering,Intern,5802.54,14,1.0,2,Travel_Rarely,No,3.0,3,4,1,1,Yes
EMP01243,39,Engineering,Junior,4380.67,1,3.0,3,Travel_Rarely,Yes,2.0,1,3,0,1,No
EMP00071,49,Engineering,Senior,7231.26,5,7.0,3,Non-Travel,Yes,2.0,3,4,3,0,Yes
EMP01363,30,Marketing,Junior,5111.75,0,11.0,4,Non-Travel,Yes,2.0,3,4,2,1,Yes
EMP00780,40,Engineering,Senior,7862.09,5,2.0,3,Non-Travel,No,4.0,3,1,2,0,No
EMP01297,46,Marketing,Junior,4700.28,2,13.0,3,Travel_Frequently,No,4.0,3,2,3,0,No
EMP00735,39,Sales,Manager,11065.42,5,7.0,4,Travel_Rarely,No,2.0,2,3,0,0,No
EMP00021,36,Engineering,Senior,8895.15,9,3.0,3,Travel_Rarely,Yes,1.0,3,3,2,0,Yes
EMP00978,49,Engineering,Junior,5051.63,4,12.0,2,Travel_Rarely,No,2.0,4,3,1,0,No
EMP01205,27,R&D,Junior,3871.51,3,16.0,2,Travel_Rarely,No,4.0,4,3,7,0,No
EMP01217,34,R&D,Executive,15302.14,1,16.0,2,Travel_Rarely,No,3.0,3,2,3,0,No
EMP01265,30,Marketing,Junior,5462.34,4,4.0,4,Travel_Rarely,No,2.0,4,3,1,0,No
EMP01326,57,Engineering,Junior,5238.0,5,19.0,5,Travel_Rarely,No,3.0,3,1,2,0,No
EMP01463,45,Marketing,Senior,8044.41,7,32.0,3,Travel_Rarely,No,4.0,4,4,2,0,No
EMP00550,34,Sales,Junior,5810.99,5,5.0,3,Travel_Rarely,No,4.0,2,2,4,0,No
EMP00129,24,Marketing,Senior,6986.77,3,40.0,2,Travel_Rarely,Yes,1.0,2,3,0,1,Yes
EMP01098,44,Marketing,Manager,8619.52,2,15.0,2,Travel_Rarely,No,3.0,2,3,5,1,No
EMP00085,39,Engineering,Senior,6195.11,2,5.0,4,Travel_Rarely,No,2.0,3,2,1,0,Yes
EMP01207,31,Marketing,Junior,6927.55,5,4.0,4,Travel_Rarely,No,3.0,3,3,3,0,No
EMP00399,42,R&D,Manager,9146.88,1,1.0,2,Travel_Rarely,No,3.0,3,3,1,0,No
EMP01272,32,Sales,Intern,2947.54,1,15.0,3,Travel_Rarely,No,4.0,1,3,3,0,No
EMP00994,40,Sales,Intern,3146.98,5,1.0,1,Travel_Rarely,No,4.0,3,3,2,0,Yes
EMP00795,36,Engineering,Junior,4129.57,1,6.0,4,Non-Travel,Yes,3.0,2,4,1,0,Yes
EMP01026,29,HR,Senior,7459.84,0,11.0,4,Travel_Rarely,No,2.0,3,3,2,0,Yes
EMP01347,30,Marketing,Senior,5936.93,1,1.0,2,Travel_Rarely,Yes,3.0,3,4,2,0,Yes
EMP01225,29,Sales,Senior,8193.67,3,2.0,5,Travel_Rarely,No,3.0,3,3,0,0,No
EMP01091,22,Marketing,Junior,4442.76,0,3.0,3,Travel_Rarely,No,4.0,3,4,5,0,Yes
EMP00766,25,R&D,Junior,3486.51,5,8.0,1,Non-Travel,No,3.0,4,3,0,0,No
EMP01192,26,Marketing,Junior,4131.59,0,1.0,4,Travel_Frequently,Yes,2.0,1,3,3,0,Yes
EMP00008,31,Sales,Senior,7071.21,3,2.0,4,Travel_Frequently,No,4.0,2,4,4,0,No
EMP00956,35,Engineering,Senior,7531.05,5,23.0,4,Travel_Rarely,No,3.0,3,2,0,0,No
EMP00843,26,Engineering,Junior,4010.73,2,2.0,2,Travel_Frequently,No,3.0,2,3,0,1,No
EMP00478,39,Sales,Manager,8911.57,1,5.0,4,Travel_Rarely,No,3.0,4,1,2,0,No
EMP00881,32,Engineering,Intern,4177.17,6,10.0,5,Travel_Rarely,No,3.0,4,3,1,0,No
EMP00368,37,Sales,Junior,8638.15,17,1.0,5,Travel_Rarely,No,4.0,3,4,1,0,Yes
EMP00666,44,Sales,Senior,9273.49,5,1.0,5,Travel_Rarely,No,3.0,3,1,5,1,No
EMP00103,37,Engineering,Senior,7715.77,6,2.0,4,Travel_Rarely,Yes,2.0,2,3,7,0,No
EMP01256,30,Engineering,Junior,3458.96,0,12.0,2,Travel_Rarely,No,3.0,4,4,1,0,Yes
EMP00953,34,Marketing,Manager,10376.94,6,11.0,3,Travel_Frequently,No,1.0,2,4,1,0,No
EMP00388,32,R&D,Senior,6052.17,3,5.0,3,Travel_Rarely,No,3.0,2,3,4,0,Yes
EMP00048,20,Marketing,Junior,4014.74,0,7.0,4,Travel_Rarely,No,2.0,2,4,1,0,No
EMP00536,25,Sales,Senior,7524.16,5,3.0,4,Travel_Rarely,Yes,3.0,2,4,1,1,No
EMP00186,31,R&D,Manager,12030.43,11,1.0,4,Travel_Rarely,Yes,2.0,3,3,1,1,Yes
EMP00172,29,Sales,Intern,2213.47,4,2.0,3,Travel_Rarely,No,3.0,2,3,0,0,No
EMP00503,45,R&D,Junior,4733.96,9,1.0,1,Travel_Rarely,No,1.0,3,3,2,0,No
EMP01167,26,Sales,Junior,4375.03,5,2.0,2,Travel_Rarely,No,3.0,3,3,1,0,No
EMP00850,31,Sales,Senior,7759.48,4,2.0,4,Non-Travel,No,4.0,3,3,3,0,No
EMP01224,38,Marketing,Junior,5851.92,10,4.0,3,Travel_Frequently,No,4.0,2,4,0,0,No
EMP00062,32,Engineering,Junior,4520.47,2,1.0,3,Non-Travel,Yes,1.0,2,3,3,0,No
EMP00998,34,HR,Manager,10969.75,4,19.0,2,Travel_Rarely,No,3.0,2,4,2,0,No
EMP01476,33,Marketing,Senior,6683.21,3,8.0,3,Travel_Rarely,No,4.0,3,3,2,0,No
EMP01436,45,R&D,Junior,3982.73,1,21.0,2,Travel_Frequently,No,3.0,3,3,1,0,No
EMP01190,33,Marketing,Junior,3308.87,3,6.0,2,Travel_Rarely,No,4.0,3,4,3,0,No
EMP00286,51,R&D,Intern,2531.94,5,2.0,2,Travel_Rarely,No,4.0,3,4,3,1,No
EMP00195,37,R&D,Senior,7447.38,1,6.0,3,Travel_Rarely,No,3.0,2,3,1,0,No
EMP00729,44,HR,Manager,9763.15,1,1.0,3,Non-Travel,No,3.0,2,3,2,0,No
EMP00401,31,Engineering,Junior,4610.95,6,7.0,2,Travel_Frequently,No,4.0,3,3,2,0,No
EMP00942,54,Marketing,Senior,7399.33,4,11.0,3,Travel_Rarely,No,4.0,3,3,5,0,No
EMP00558,35,R&D,Manager,10368.02,9,11.0,2,Travel_Rarely,No,3.0,2,3,2,1,No
EMP00541,50,Engineering,Senior,7774.62,3,20.0,3,Non-Travel,Yes,3.0,2,3,0,1,Yes
EMP00929,42,Sales,Junior,4497.6,1,8.0,2,Travel_Rarely,No,3.0,3,3,2,0,No
EMP01159,37,Marketing,Senior,7513.92,7,18.0,2,Travel_Frequently,Yes,3.0,3,3,5,0,Yes
EMP00824,38,Engineering,Intern,2504.53,6,2.0,1,Travel_Rarely,No,2.0,2,4,0,1,No
EMP00783,35,Engineering,Senior,7045.76,0,15.0,4,Travel_Frequently,No,4.0,2,3,1,0,Yes
EMP00665,35,Sales,Junior,3933.87,3,7.0,2,Travel_Rarely,No,4.0,4,1,0,0,Yes
EMP01353,40,R&D,Junior,5630.76,4,7.0,4,Non-Travel,Yes,4.0,3,2,1,0,No
EMP00848,29,Sales,Executive,15578.99,1,8.0,3,Travel_Rarely,Yes,3.0,2,3,4,0,No
EMP01252,30,Marketing,Senior,9499.84,10,9.0,5,Travel_Frequently,No,3.0,3,3,3,0,No
EMP00641,36,Engineering,Junior,3529.13,4,13.0,3,Travel_Rarely,No,3.0,3,4,2,0,No
EMP00728,32,HR,Senior,,9,12.0,4,Travel_Frequently,No,,4,3,7,1,No
EMP00526,32,HR,Executive,16377.11,4,24.0,2,Travel_Rarely,No,1.0,4,4,4,1,No
EMP00128,20,Engineering,Executive,14480.22,0,12.0,1,Travel_Rarely,No,4.0,3,3,2,1,No
EMP00864,33,R&D,Senior,8089.27,7,3.0,2,Non-Travel,No,4.0,3,3,2,0,No
EMP00362,36,Engineering,Junior,5461.81,2,1.0,4,Travel_Rarely,No,4.0,2,4,3,1,No
EMP00737,36,HR,Manager,10055.2,2,2.0,2,Travel_Frequently,No,4.0,3,3,1,0,No
EMP00170,38,R&D,Intern,5236.79,5,5.0,5,Travel_Rarely,Yes,3.0,1,3,3,0,No
EMP01345,36,Marketing,Manager,10699.12,9,23.0,4,Travel_Frequently,No,4.0,2,2,1,1,No
EMP00120,29,Sales,Senior,8941.44,7,10.0,4,Travel_Frequently,No,4.0,2,4,1,0,No
EMP00984,45,Marketing,Junior,4307.22,2,1.0,3,Travel_Rarely,No,2.0,3,3,2,0,No
EMP00950,45,HR,Senior,7495.31,1,5.0,4,Travel_Rarely,Yes,2.0,2,3,2,1,No
EMP01032,60,R&D,Manager,10495.21,3,1.0,3,Travel_Rarely,No,3.0,2,1,3,0,No
EMP01165,42,Sales,Junior,3680.39,3,1.0,2,Travel_Rarely,No,3.0,2,3,0,0,Yes
EMP00825,30,Sales,Senior,6735.51,2,10.0,3,Travel_Rarely,No,2.0,3,2,4,0,Yes
EMP00456,34,Engineering,Senior,9440.9,9,10.0,5,Travel_Rarely,No,1.0,4,3,3,0,No
EMP00406,36,Sales,Junior,4532.47,6,8.0,2,Travel_Rarely,No,3.0,4,3,3,0,No
EMP00201,35,Engineering,Junior,3231.98,0,1.0,2,Travel_Rarely,No,3.0,3,3,0,0,Yes
EMP00782,30,Engineering,Junior,7155.16,10,1.0,4,Travel_Frequently,No,4.0,3,2,1,0,No
EMP00250,39,R&D,Manager,10341.86,3,12.0,5,Travel_Frequently,No,3.0,3,4,1,0,No
EMP00506,47,Marketing,Senior,6729.63,4,1.0,3,Travel_Rarely,Yes,2.0,2,4,2,0,No
EMP00316,40,Sales,Intern,3725.02,6,5.0,3,Travel_Rarely,Yes,2.0,2,3,2,0,No
EMP00147,33,Sales,Senior,6449.36,3,1.0,2,Travel_Frequently,No,3.0,3,3,5,0,No
EMP00432,43,Marketing,Senior,5795.68,1,2.0,3,Travel_Frequently,Yes,2.0,1,3,2,0,No
EMP00738,39,HR,Manager,9625.07,3,6.0,3,Travel_Frequently,Yes,3.0,1,4,3,1,No
EMP01179,36,Engineering,Manager,11020.22,3,22.0,5,Travel_Frequently,No,4.0,3,3,4,1,No
EMP01444,39,HR,Senior,7363.3,5,2.0,3,Travel_Rarely,No,3.0,2,3,3,0,No
EMP00142,35,Sales,Junior,4501.14,1,2.0,4,Travel_Rarely,No,4.0,3,4,2,0,No
EMP00705,40,HR,Junior,4512.98,4,7.0,3,Travel_Rarely,Yes,4.0,1,3,2,0,No
EMP00572,20,Sales,Junior,5223.57,0,14.0,4,Travel_Rarely,No,3.0,4,2,2,0,No
EMP00505,33,Sales,Junior,5316.09,7,19.0,2,Travel_Rarely,Yes,2.0,2,3,1,0,Yes
EMP00356,30,Sales,Junior,,1,1.0,4,Travel_Rarely,No,,4,4,6,0,No
EMP01043,20,R&D,Junior,,0,,3,Travel_Rarely,No,,4,3,2,0,No
EMP00336,39,Engineering,Manager,10435.91,5,24.0,4,Travel_Rarely,No,4.0,3,3,2,0,No
EMP00068,45,Marketing,Intern,2563.31,1,8.0,3,Travel_Rarely,No,3.0,4,4,3,0,No
EMP01371,33,R&D,Junior,4765.52,1,3.0,3,Travel_Rarely,No,4.0,2,3,4,0,No
EMP01477,35,R&D,Junior,4728.59,2,1.0,2,Travel_Rarely,Yes,4.0,3,3,0,1,Yes
EMP01055,45,R&D,Intern,3275.01,4,12.0,3,Travel_Rarely,Yes,3.0,3,2,1,1,No
EMP00083,46,R&D,Junior,5170.23,2,5.0,5,Travel_Rarely,No,3.0,4,3,2,0,No
EMP00326,34,R&D,Junior,4638.61,5,4.0,1,Non-Travel,Yes,3.0,3,4,1,0,No
EMP01488,24,R&D,Senior,6547.83,1,3.0,3,Travel_Rarely,No,3.0,3,3,1,0,No
EMP01285,33,Engineering,Junior,7321.91,10,1.0,4,Travel_Rarely,No,3.0,2,3,4,0,No
EMP00016,30,Marketing,Senior,5527.45,1,1.0,3,Travel_Rarely,No,3.0,4,2,2,1,No
EMP00159,43,Marketing,Junior,3794.25,1,19.0,3,Travel_Rarely,No,2.0,4,4,3,1,No
EMP00607,37,Sales,Junior,6204.34,9,1.0,5,Travel_Frequently,No,2.0,2,3,2,0,No
EMP01123,24,Engineering,Senior,8422.71,4,11.0,4,Non-Travel,No,4.0,3,3,1,0,No
EMP00744,40,R&D,Manager,10139.29,4,6.0,4,Non-Travel,No,3.0,3,3,0,0,No
EMP01321,22,HR,Junior,2999.16,0,2.0,3,Non-Travel,No,3.0,2,4,4,0,No
EMP01384,30,R&D,Manager,10374.6,1,4.0,3,Non-Travel,Yes,1.0,1,2,1,0,No
EMP01069,26,Sales,Senior,6876.9,1,4.0,4,Travel_Frequently,Yes,2.0,2,3,3,0,No
EMP01154,43,Sales,Manager,9532.11,1,1.0,3,Travel_Frequently,No,4.0,2,3,2,0,No
EMP00736,43,R&D,Senior,7285.2,6,3.0,2,Non-Travel,No,4.0,2,4,3,1,No
EMP01427,32,Engineering,Junior,5015.14,4,6.0,4,Travel_Rarely,Yes,3.0,3,2,1,0,No
EMP00565,27,Sales,Manager,11325.15,3,2.0,4,Non-Travel,No,4.0,2,3,6,1,No
EMP01337,32,Sales,Executive,15755.61,2,3.0,3,Travel_Rarely,No,4.0,2,3,1,0,No
EMP00488,30,R&D,Junior,5826.6,8,10.0,4,Travel_Rarely,Yes,3.0,3,2,3,1,No
EMP00599,39,Sales,Junior,5794.09,3,14.0,2,Travel_Frequently,Yes,2.0,2,3,5,0,Yes
EMP01323,20,Sales,Junior,3893.37,0,3.0,2,Non-Travel,Yes,1.0,3,3,0,0,Yes
EMP00100,37,Engineering,Senior,,4,7.0,4,Travel_Frequently,No,3.0,3,2,3,0,No
EMP00329,25,Marketing,Senior,5687.97,0,19.0,1,Travel_Rarely,Yes,2.0,4,3,1,0,No
EMP00862,26,Marketing,Junior,4651.33,1,15.0,3,Travel_Rarely,No,4.0,3,3,1,0,Yes
EMP00513,35,R&D,Executive,15310.0,6,1.0,2,Travel_Rarely,No,3.0,3,2,2,0,No
EMP00084,44,Engineering,Junior,5417.03,6,4.0,2,Travel_Rarely,No,2.0,2,2,2,1,No
EMP00003,33,R&D,Senior,6479.49,1,23.0,5,Travel_Rarely,No,3.0,3,2,1,0,Yes
EMP01370,24,Engineering,Junior,6252.66,4,1.0,5,Travel_Rarely,Yes,3.0,3,3,2,1,No
EMP01293,20,R&D,Senior,7184.67,0,1.0,3,Non-Travel,No,3.0,2,4,2,0,Yes
EMP01446,51,R&D,Intern,3110.25,1,5.0,3,Travel_Rarely,No,2.0,3,4,2,0,Yes
EMP01054,38,Marketing,Manager,9038.98,3,3.0,3,Travel_Rarely,Yes,2.0,3,3,0,0,No
EMP01381,20,R&D,Senior,7109.57,0,7.0,3,Travel_Rarely,No,4.0,4,3,2,0,No
EMP00601,33,Engineering,Senior,7053.2,3,3.0,4,Non-Travel,No,3.0,4,2,0,1,No
EMP00216,41,Marketing,Junior,4462.95,2,18.0,4,Non-Travel,Yes,1.0,3,3,1,0,No
EMP01260,33,HR,Intern,2558.02,1,2.0,2,Non-Travel,No,1.0,2,3,2,0,Yes
EMP00469,37,Sales,Junior,5212.5,6,5.0,4,Travel_Rarely,Yes,3.0,3,3,3,0,No
EMP00986,47,Engineering,Senior,8484.8,11,6.0,2,Travel_Rarely,No,2.0,3,3,0,1,No
EMP00081,44,Sales,Manager,9946.94,1,3.0,3,Travel_Rarely,No,3.0,3,4,3,0,No
EMP00933,49,Sales,Executive,16377.94,1,13.0,3,Non-Travel,No,4.0,2,1,0,0,No
EMP00038,46,R&D,Junior,6574.54,17,7.0,2,Travel_Rarely,No,4.0,4,3,4,1,No
EMP01428,35,Engineering,Senior,9386.72,14,18.0,3,Travel_Rarely,No,2.0,4,2,2,0,No
EMP00497,25,Sales,Manager,8937.93,0,9.0,4,Travel_Rarely,No,1.0,3,3,2,0,No
EMP01369,43,R&D,Intern,6508.84,8,1.0,5,Non-Travel,Yes,1.0,3,2,2,0,Yes
EMP00615,48,Engineering,Senior,6310.16,2,14.0,3,Travel_Rarely,No,2.0,2,3,1,0,No
EMP00392,45,Engineering,Intern,3258.0,13,19.0,2,Travel_Rarely,Yes,3.0,2,3,1,0,Yes
EMP00183,40,Engineering,Junior,3143.14,8,6.0,1,Travel_Rarely,No,3.0,3,2,3,0,Yes
EMP00375,42,R&D,Junior,3599.29,1,7.0,2,Travel_Rarely,Yes,3.0,1,3,4,0,Yes
EMP00709,43,R&D,Senior,6248.05,1,17.0,3,Travel_Rarely,Yes,2.0,3,3,3,0,Yes
EMP00992,48,Marketing,Senior,8716.13,11,5.0,4,Travel_Rarely,No,3.0,2,4,6,1,No
EMP00453,29,R&D,Junior,4895.54,7,14.0,4,Non-Travel,No,4.0,4,3,1,0,No
EMP00067,21,Marketing,Junior,4343.43,1,15.0,2,Travel_Rarely,No,1.0,4,4,3,0,Yes
EMP00548,31,Sales,Junior,4859.92,3,2.0,5,Travel_Frequently,No,1.0,1,3,1,0,No
EMP00454,43,Sales,Senior,6515.38,2,2.0,2,Travel_Rarely,No,4.0,3,3,2,0,No
EMP01201,20,Engineering,Senior,7757.16,0,1.0,4,Travel_Rarely,No,4.0,4,3,0,0,No
EMP00408,23,Marketing,Junior,4492.89,1,15.0,4,Travel_Rarely,Yes,3.0,3,3,3,0,No
EMP00482,36,Marketing,Junior,3736.58,1,1.0,3,Travel_Rarely,Yes,1.0,3,4,5,1,No
EMP00585,42,R&D,Manager,10233.84,9,2.0,3,Travel_Frequently,No,4.0,4,3,3,0,No
EMP01007,38,Sales,Senior,6592.38,2,2.0,3,Travel_Frequently,No,4.0,1,3,4,0,Yes
EMP00173,25,Marketing,Senior,5987.93,0,1.0,3,Travel_Rarely,No,2.0,3,3,1,1,No
EMP00576,31,R&D,Manager,8374.13,1,1.0,1,Travel_Frequently,No,4.0,3,4,4,0,Yes
EMP01275,48,HR,Senior,7448.43,2,22.0,3,Travel_Rarely,Yes,2.0,2,3,1,0,No
EMP00331,49,Marketing,Junior,6530.29,8,2.0,5,Non-Travel,Yes,3.0,1,4,0,0,No
EMP00557,21,Sales,Junior,4607.38,1,6.0,4,Non-Travel,No,3.0,4,2,6,0,No
EMP00285,37,Marketing,Junior,4666.09,2,23.0,5,Travel_Rarely,No,3.0,3,3,3,1,Yes
EMP00969,31,Engineering,Senior,7068.58,3,5.0,4,Travel_Rarely,Yes,1.0,2,4,2,1,No
EMP01306,20,Marketing,Executive,14461.88,0,3.0,4,Travel_Rarely,No,2.0,2,3,2,1,No
EMP00462,32,R&D,Senior,7842.8,12,2.0,1,Travel_Frequently,No,3.0,2,4,4,0,No
EMP01283,39,Sales,Senior,7204.14,4,1.0,4,Non-Travel,No,3.0,3,4,0,1,No
EMP01254,47,Engineering,Intern,4243.35,7,2.0,3,Travel_Rarely,No,2.0,3,3,0,1,No
EMP00233,29,Engineering,Intern,4010.9,3,3.0,5,Travel_Rarely,No,4.0,4,3,2,1,No
EMP01216,22,Engineering,Manager,9888.8,2,3.0,2,Travel_Frequently,Yes,3.0,2,3,2,0,No
EMP01387,24,R&D,Senior,5697.34,2,1.0,3,Travel_Rarely,No,4.0,4,4,3,0,No
EMP00785,38,Marketing,Senior,7170.29,3,34.0,3,Travel_Frequently,Yes,1.0,2,3,1,1,Yes
EMP01269,52,Sales,Intern,3450.85,3,2.0,3,Travel_Rarely,No,3.0,3,3,3,0,Yes
EMP01335,45,R&D,Senior,6667.48,1,16.0,3,Travel_Rarely,No,4.0,3,3,5,1,No
EMP01241,44,Sales,Manager,12744.37,13,1.0,5,Travel_Rarely,No,3.0,2,3,1,1,No
EMP01423,31,Marketing,Junior,5523.48,4,9.0,4,Travel_Frequently,Yes,4.0,3,2,5,0,Yes
EMP01035,42,Sales,Junior,4796.44,7,2.0,2,Travel_Rarely,No,4.0,2,4,2,0,Yes
EMP00945,29,R&D,Senior,6118.89,0,5.0,1,Travel_Rarely,No,3.0,3,4,2,0,No
EMP00787,40,Marketing,Junior,3985.95,1,1.0,4,Non-Travel,Yes,2.0,2,3,2,0,Yes
EMP00892,36,R&D,Manager,11016.88,8,7.0,1,Non-Travel,Yes,1.0,2,1,1,0,Yes
EMP01121,34,Sales,Intern,2757.59,3,8.0,4,Travel_Frequently,No,3.0,2,3,1,0,No
EMP00863,24,R&D,Senior,5845.96,0,3.0,2,Travel_Rarely,Yes,2.0,2,3,3,0,Yes
EMP00271,33,R&D,Senior,7362.79,0,1.0,4,Travel_Frequently,No,4.0,2,4,3,0,No
EMP01438,40,Sales,Senior,8705.39,5,7.0,4,Non-Travel,No,3.0,3,1,1,0,No
EMP00461,35,R&D,Junior,4312.2,7,18.0,1,Travel_Rarely,No,3.0,3,3,0,1,No
EMP00569,34,R&D,Junior,6038.43,6,5.0,3,Travel_Rarely,No,4.0,3,3,1,1,No
EMP00683,41,Engineering,Manager,9820.75,3,7.0,4,Travel_Rarely,Yes,3.0,3,3,2,0,Yes
EMP01223,54,HR,Manager,9869.55,3,7.0,4,Travel_Frequently,No,3.0,1,3,2,0,Yes
EMP00061,34,Marketing,Junior,4496.47,1,5.0,5,Travel_Rarely,No,3.0,1,2,2,0,Yes
EMP00202,39,Sales,Junior,4794.82,3,4.0,4,Non-Travel,No,4.0,2,3,0,0,No
EMP00266,24,R&D,Senior,6439.97,2,7.0,3,Travel_Rarely,Yes,3.0,2,4,1,0,Yes
EMP00664,36,Sales,Senior,9110.66,12,33.0,4,Travel_Rarely,No,2.0,3,2,2,0,No
EMP00697,35,Engineering,Junior,4746.79,0,1.0,2,Travel_Rarely,Yes,2.0,1,4,3,0,Yes
EMP00400,47,Marketing,Senior,8169.2,3,3.0,5,Travel_Frequently,No,2.0,3,3,0,0,No
EMP01258,35,R&D,Intern,2453.26,1,4.0,3,Travel_Rarely,No,2.0,2,2,0,1,No
EMP00280,53,Engineering,Senior,8439.16,8,38.0,3,Travel_Rarely,Yes,1.0,3,4,1,0,No
EMP00302,30,R&D,Executive,16579.5,8,1.0,3,Non-Travel,No,3.0,2,3,3,0,No
EMP00917,49,Engineering,Junior,6490.23,9,2.0,4,Travel_Frequently,Yes,3.0,1,4,4,0,No
EMP00906,33,R&D,Senior,7876.03,2,1.0,5,Non-Travel,No,2.0,4,2,3,0,No
EMP01128,40,Sales,Executive,16001.93,2,7.0,4,Travel_Rarely,No,3.0,2,2,2,0,No
EMP00029,29,Engineering,Executive,16404.88,9,1.0,3,Travel_Frequently,No,3.0,4,3,5,0,No
EMP00130,29,R&D,Junior,5044.49,4,1.0,1,Travel_Frequently,Yes,3.0,2,3,1,1,No
EMP00241,20,Engineering,Junior,3891.78,0,2.0,3,Travel_Rarely,No,3.0,3,2,3,0,No
EMP00583,35,Marketing,Intern,3778.83,4,1.0,4,Travel_Rarely,No,3.0,4,1,0,0,No
EMP01089,44,HR,Intern,2491.42,1,9.0,3,Travel_Rarely,No,4.0,2,3,1,1,No
EMP00912,37,HR,Junior,5103.09,2,2.0,4,Travel_Rarely,No,4.0,3,2,1,0,No
EMP00739,33,Engineering,Manager,10969.79,8,35.0,5,Travel_Rarely,Yes,2.0,2,4,2,0,Yes
EMP01221,56,Engineering,Senior,6092.85,3,10.0,2,Travel_Rarely,Yes,2.0,2,4,3,0,Yes
EMP00756,29,Engineering,Senior,7521.38,3,3.0,4,Travel_Frequently,Yes,2.0,3,1,1,0,No
EMP00378,44,Marketing,Senior,8309.13,2,38.0,5,Travel_Frequently,Yes,3.0,2,4,2,0,No
EMP00452,39,R&D,Executive,15273.42,3,10.0,3,Travel_Frequently,Yes,3.0,1,3,3,0,No
EMP01009,37,Marketing,Intern,4743.13,4,14.0,4,Travel_Frequently,Yes,1.0,1,3,1,0,Yes
EMP01228,35,Engineering,Junior,4989.64,2,1.0,3,Travel_Rarely,No,4.0,3,2,2,1,Yes
EMP00551,28,Sales,Senior,6766.82,2,7.0,3,Non-Travel,No,4.0,1,3,3,1,No
EMP01310,25,Engineering,Manager,10679.49,5,3.0,3,Travel_Rarely,No,3.0,3,4,0,0,No
EMP00127,43,HR,Junior,3811.15,1,1.0,3,Travel_Rarely,No,3.0,3,2,3,1,No
EMP00952,33,R&D,Junior,4871.18,1,9.0,3,Travel_Rarely,No,3.0,2,1,1,0,No
EMP00348,38,Sales,Junior,5062.22,2,2.0,4,Non-Travel,No,3.0,3,4,1,1,No
EMP00854,31,HR,Intern,4927.68,6,3.0,5,Travel_Rarely,No,4.0,3,3,2,1,No
EMP00117,46,Sales,Senior,7404.0,3,23.0,3,Travel_Rarely,Yes,2.0,2,3,1,1,No
EMP00105,20,HR,Senior,6020.93,0,2.0,3,Travel_Frequently,Yes,2.0,2,3,1,0,Yes
EMP00852,39,Engineering,Manager,,1,,4,Travel_Rarely,No,,2,2,1,0,No
EMP00380,38,Engineering,Junior,3438.01,2,2.0,2,Non-Travel,No,4.0,3,4,2,0,Yes
EMP00352,24,Sales,Junior,5078.26,2,6.0,4,Travel_Rarely,Yes,2.0,2,4,3,0,Yes
EMP00294,28,Sales,Junior,5265.14,1,1.0,5,Travel_Rarely,No,4.0,3,4,4,1,No
EMP00790,47,Sales,Junior,4810.83,6,3.0,3,Travel_Rarely,No,2.0,4,3,2,0,Yes
EMP00878,32,Marketing,Junior,5132.72,9,1.0,4,Travel_Rarely,No,1.0,2,3,2,0,No
EMP00858,28,Engineering,Executive,15433.63,4,16.0,4,Non-Travel,No,2.0,2,4,0,0,No
EMP00996,37,Sales,Manager,11049.42,9,5.0,3,Travel_Rarely,No,3.0,3,4,4,0,No
EMP00092,32,Marketing,Senior,5220.53,2,8.0,3,Travel_Rarely,No,2.0,3,3,1,1,No
EMP00024,34,HR,Junior,4913.33,6,3.0,2,Travel_Rarely,Yes,4.0,2,4,0,1,No
EMP00742,43,Engineering,Senior,8142.95,6,1.0,5,Non-Travel,No,3.0,4,3,6,1,No
EMP00961,32,Marketing,Senior,8181.0,6,4.0,5,Non-Travel,No,4.0,4,3,1,0,No
EMP00091,41,Engineering,Manager,10839.32,1,16.0,3,Travel_Rarely,No,4.0,4,4,4,0,No
EMP01430,28,R&D,Manager,9572.48,2,5.0,3,Non-Travel,No,2.0,3,4,1,1,No
EMP00524,40,Marketing,Senior,7990.2,2,4.0,5,Travel_Rarely,Yes,2.0,3,1,1,1,No
EMP00554,32,R&D,Senior,6806.04,5,12.0,4,Travel_Rarely,No,4.0,4,2,0,1,No
EMP00653,32,Sales,Senior,5801.5,3,8.0,3,Travel_Rarely,Yes,3.0,2,3,4,0,No
EMP00875,30,Sales,Junior,5053.26,10,16.0,2,Travel_Rarely,Yes,3.0,2,2,2,1,No
EMP01287,32,Marketing,Senior,8506.62,5,1.0,3,Travel_Rarely,No,2.0,2,3,2,0,No
EMP00947,25,R&D,Junior,4181.09,1,1.0,2,Travel_Frequently,Yes,3.0,1,3,0,0,No
EMP00997,22,Marketing,Junior,4393.45,2,7.0,2,Travel_Rarely,No,4.0,4,2,3,0,No
EMP00811,35,Sales,Junior,4371.64,3,2.0,3,Travel_Rarely,No,3.0,3,2,1,1,No
EMP00574,29,R&D,Manager,10236.52,1,8.0,4,Non-Travel,No,3.0,1,3,4,0,Yes
EMP00771,45,Engineering,Intern,3519.89,2,8.0,4,Travel_Rarely,No,4.0,3,4,5,1,No
EMP00628,45,Sales,Intern,3069.38,2,15.0,2,Travel_Rarely,Yes,2.0,2,2,0,0,Yes
EMP00625,30,Engineering,Senior,6148.04,1,1.0,2,Travel_Rarely,Yes,3.0,2,2,2,0,Yes
EMP01015,21,Sales,Senior,6402.83,0,6.0,3,Non-Travel,No,3.0,3,3,1,0,No
EMP00224,39,Sales,Senior,9227.51,10,5.0,3,Travel_Rarely,No,2.0,3,3,2,0,No
EMP01093,39,Marketing,Intern,5982.55,17,11.0,3,Travel_Frequently,No,2.0,2,3,3,1,No
EMP00214,44,HR,Junior,4228.92,2,17.0,3,Travel_Frequently,No,2.0,4,2,3,1,No
EMP01497,43,Marketing,Senior,8977.5,10,18.0,3,Travel_Frequently,No,3.0,3,2,1,0,No
EMP00609,37,R&D,Junior,,4,1.0,3,Travel_Frequently,No,4.0,2,4,1,0,Yes
EMP01136,30,Sales,Senior,6013.09,0,4.0,3,Non-Travel,No,1.0,1,4,8,0,Yes
EMP01496,34,R&D,Junior,4746.3,3,2.0,3,Travel_Rarely,No,3.0,2,3,1,1,No
EMP00078,31,R&D,Junior,4088.08,1,3.0,1,Travel_Frequently,Yes,3.0,2,3,2,1,Yes
EMP01389,36,Sales,Junior,5984.35,5,1.0,3,Travel_Rarely,No,4.0,3,3,0,0,No
EMP00001,45,Sales,Manager,9499.58,1,16.0,4,Non-Travel,Yes,2.0,1,3,0,0,No
EMP00389,32,Marketing,Senior,8083.28,5,5.0,4,Travel_Rarely,Yes,3.0,2,1,1,0,No
EMP01500,36,Engineering,Senior,6522.71,1,1.0,2,Non-Travel,Yes,4.0,1,4,1,0,No
EMP00440,30,R&D,Junior,5901.44,3,2.0,4,Travel_Rarely,No,3.0,4,3,5,0,Yes
EMP00652,41,Marketing,Junior,4988.33,2,1.0,4,Travel_Rarely,No,3.0,4,4,4,0,No
EMP00835,30,Engineering,Junior,4213.58,2,2.0,1,Non-Travel,No,2.0,2,3,1,0,No
EMP00749,28,Engineering,Junior,6389.83,4,4.0,5,Travel_Rarely,No,3.0,2,4,1,0,No
EMP01419,26,R&D,Manager,8522.07,2,2.0,2,Travel_Rarely,Yes,3.0,2,1,6,0,No
EMP01250,31,HR,Senior,8006.56,8,10.0,3,Travel_Frequently,Yes,4.0,1,3,1,0,No
EMP00946,54,Engineering,Junior,6600.71,8,5.0,5,Non-Travel,No,3.0,4,3,1,0,No
EMP00552,36,Sales,Executive,16247.9,2,17.0,4,Travel_Frequently,Yes,3.0,2,3,3,1,No
EMP01346,27,Sales,Intern,4994.53,7,1.0,5,Non-Travel,Yes,3.0,3,2,0,0,No
EMP00298,35,Sales,Junior,6064.85,1,4.0,5,Travel_Rarely,No,3.0,4,3,3,0,No
EMP00546,25,Marketing,Junior,5546.47,5,3.0,4,Travel_Rarely,No,3.0,3,3,2,1,No
EMP00544,39,Sales,Intern,3183.42,1,26.0,2,Travel_Rarely,No,4.0,3,3,1,1,No
EMP00278,27,Marketing,Executive,14468.53,1,11.0,2,Travel_Rarely,No,4.0,3,3,3,0,Yes
EMP01096,26,R&D,Senior,7550.93,2,10.0,3,Travel_Rarely,No,3.0,4,3,0,0,No
EMP00323,36,R&D,Junior,4197.13,2,10.0,4,Travel_Rarely,No,3.0,2,3,1,1,No
EMP00491,26,Engineering,Senior,7464.55,4,4.0,2,Travel_Frequently,No,4.0,3,2,2,0,No
EMP01002,31,HR,Senior,8294.69,8,7.0,3,Travel_Rarely,No,2.0,3,3,2,0,Yes
EMP01064,39,Engineering,Senior,6465.11,1,6.0,3,Travel_Frequently,No,3.0,2,2,2,0,No
EMP01164,30,Sales,Junior,4049.04,1,10.0,3,Travel_Rarely,Yes,1.0,2,2,3,0,Yes
EMP01085,22,HR,Senior,6404.66,2,3.0,3,Travel_Rarely,No,4.0,3,3,1,0,No
EMP01343,49,Marketing,Manager,11869.57,3,3.0,4,Travel_Frequently,No,3.0,3,4,2,0,Yes
EMP01391,25,Marketing,Senior,7604.62,4,2.0,3,Travel_Rarely,No,3.0,1,3,2,1,Yes
EMP01140,50,Engineering,Junior,3957.19,1,4.0,3,Travel_Rarely,No,3.0,2,3,2,0,No
EMP00733,39,R&D,Manager,9195.74,1,5.0,2,Non-Travel,No,3.0,3,4,0,0,No
EMP01286,32,Sales,Senior,7371.14,2,21.0,3,Travel_Rarely,No,3.0,4,4,2,0,No
EMP01194,41,Engineering,Junior,6059.17,14,4.0,2,Non-Travel,No,4.0,3,3,4,1,No
EMP00222,40,Sales,Senior,6840.82,7,1.0,2,Travel_Rarely,No,4.0,4,3,0,1,No
EMP01198,31,Engineering,Senior,8553.96,4,21.0,5,Travel_Rarely,No,2.0,2,2,3,0,Yes
EMP01330,38,R&D,Senior,6809.89,2,11.0,4,Travel_Rarely,Yes,2.0,2,2,3,0,No
EMP01277,33,Sales,Intern,4710.29,4,10.0,4,Travel_Rarely,No,3.0,4,3,2,0,No
EMP01268,35,Sales,Senior,8345.21,10,1.0,3,Travel_Rarely,No,4.0,2,3,3,0,No
EMP00712,21,Engineering,Junior,5294.07,1,4.0,5,Travel_Rarely,No,3.0,4,4,0,0,No
EMP00007,45,HR,Senior,7430.37,6,1.0,3,Travel_Rarely,No,2.0,3,3,1,0,No
EMP00310,42,Engineering,Senior,7416.34,6,1.0,2,Travel_Rarely,No,2.0,3,3,1,0,No
EMP01336,27,R&D,Junior,5569.37,2,5.0,3,Travel_Frequently,No,3.0,3,2,1,0,No
EMP00918,32,R&D,Manager,9661.43,0,10.0,4,Travel_Rarely,No,2.0,2,3,3,0,No
EMP00282,40,Marketing,Junior,3364.06,2,20.0,2,Travel_Rarely,No,3.0,1,4,3,1,No
EMP00944,36,HR,Executive,16573.75,1,8.0,5,Non-Travel,No,3.0,4,4,1,0,No
EMP01145,20,Sales,Manager,8650.75,0,2.0,1,Travel_Rarely,Yes,3.0,1,4,3,0,Yes
EMP00149,39,Sales,Senior,6126.88,0,2.0,2,Travel_Frequently,No,2.0,1,3,3,1,Yes
EMP00398,40,Sales,Junior,4476.95,2,1.0,2,Travel_Rarely,No,2.0,3,2,2,1,No
EMP00626,24,R&D,Senior,7528.9,4,2.0,3,Travel_Rarely,No,2.0,4,3,3,1,No
EMP00328,33,Sales,Senior,6884.32,8,2.0,2,Non-Travel,No,3.0,4,3,3,0,No
EMP00487,47,R&D,Intern,2200.0,1,8.0,2,Travel_Rarely,No,3.0,4,4,2,0,No
EMP00578,29,Engineering,Senior,7203.17,2,3.0,3,Travel_Frequently,No,2.0,4,4,1,0,No
EMP01411,42,Sales,Junior,4076.28,2,34.0,2,Travel_Rarely,No,2.0,3,4,1,0,Yes
EMP00523,31,Sales,Senior,5431.55,1,1.0,2,Travel_Frequently,No,3.0,3,3,0,0,No
EMP00927,44,Engineering,Junior,5312.33,5,5.0,4,Travel_Frequently,Yes,1.0,2,2,3,0,No
EMP01172,37,Engineering,Senior,7425.39,1,1.0,3,Travel_Rarely,No,3.0,3,1,2,0,No
EMP00272,37,Sales,Manager,10985.91,5,6.0,4,Non-Travel,No,4.0,4,3,1,0,No
EMP01141,54,HR,Junior,5299.35,3,6.0,3,Travel_Rarely,No,2.0,3,4,2,1,No
EMP00613,30,Sales,Junior,6922.16,10,27.0,3,Travel_Rarely,No,3.0,4,2,1,0,No
EMP00087,57,R&D,Intern,3864.6,12,23.0,1,Non-Travel,No,3.0,4,3,1,0,No
EMP00165,40,Engineering,Junior,5397.73,8,4.0,1,Travel_Frequently,Yes,3.0,1,2,3,1,Yes
EMP01311,36,Marketing,Senior,6025.8,2,1.0,2,Travel_Rarely,Yes,3.0,1,4,2,1,No
EMP01027,21,HR,Senior,7206.02,0,1.0,5,Travel_Rarely,No,2.0,3,3,2,1,No
EMP00556,30,R&D,Junior,4833.5,10,11.0,1,Travel_Rarely,No,4.0,3,2,2,0,No
EMP00194,44,R&D,Senior,7031.94,5,1.0,2,Non-Travel,Yes,2.0,2,3,1,0,No
EMP00327,24,Sales,Senior,6243.89,0,1.0,2,Travel_Frequently,Yes,2.0,2,3,1,0,Yes
EMP00344,52,Engineering,Intern,3820.34,6,1.0,5,Travel_Rarely,No,4.0,1,4,3,0,No
EMP00109,51,Sales,Manager,10187.42,3,3.0,3,Travel_Rarely,No,3.0,4,3,1,1,No
EMP00156,36,R&D,Senior,7898.55,1,7.0,5,Travel_Rarely,No,4.0,2,4,0,0,No
EMP00531,20,HR,Intern,2216.53,0,18.0,4,Travel_Rarely,Yes,3.0,2,3,1,0,Yes
EMP01212,20,R&D,Junior,4390.5,0,5.0,3,Non-Travel,No,3.0,4,1,2,1,No
EMP00376,23,R&D,Intern,2200.0,0,20.0,3,Travel_Rarely,No,2.0,3,3,1,0,No
EMP00732,46,Marketing,Junior,6682.53,14,5.0,5,Travel_Rarely,No,3.0,2,3,3,0,No
EMP00762,38,R&D,Manager,10505.78,5,3.0,4,Travel_Rarely,No,4.0,3,3,3,1,No
EMP00481,35,Marketing,Manager,9171.11,3,1.0,3,Travel_Rarely,No,3.0,4,3,6,0,No
EMP01368,42,HR,Intern,3522.94,1,21.0,3,Travel_Rarely,No,3.0,4,2,0,0,No
EMP00700,36,R&D,Intern,6254.95,9,10.0,5,Travel_Frequently,No,3.0,2,3,2,0,No
EMP00772,23,Marketing,Senior,6634.18,3,3.0,4,Travel_Frequently,No,3.0,3,2,4,1,No
EMP01439,44,R&D,Senior,8394.29,8,2.0,5,Travel_Rarely,No,2.0,2,3,3,0,No
EMP01284,32,R&D,Senior,6015.9,0,1.0,2,Non-Travel,No,2.0,4,3,4,0,No
EMP00472,32,Sales,Manager,9718.86,1,6.0,4,Travel_Rarely,No,4.0,2,2,1,1,Yes
EMP01280,39,Sales,Intern,3801.71,6,2.0,3,Travel_Rarely,No,4.0,3,3,4,1,No
EMP00017,29,Sales,Senior,,4,,3,Non-Travel,Yes,,2,1,2,0,No
EMP00757,39,Sales,Junior,6590.06,5,10.0,4,Travel_Rarely,No,2.0,4,3,5,0,No
EMP00689,20,Engineering,Senior,,0,,2,Travel_Rarely,No,,1,2,2,0,No
EMP00076,51,R&D,Senior,8252.29,6,7.0,5,Travel_Rarely,No,4.0,2,3,2,0,Yes
EMP00135,32,R&D,Manager,9969.47,6,22.0,1,Travel_Rarely,Yes,3.0,3,3,1,0,No
EMP00002,46,Engineering,Intern,3000.8,1,11.0,4,Travel_Rarely,Yes,2.0,2,3,6,0,Yes
EMP00438,36,Sales,Senior,6580.08,4,1.0,2,Travel_Rarely,Yes,1.0,2,3,1,0,No
EMP01441,47,Marketing,Junior,6525.94,14,7.0,3,Non-Travel,Yes,3.0,4,4,2,0,Yes
EMP00320,59,Engineering,Senior,6363.65,2,19.0,2,Travel_Rarely,Yes,2.0,3,2,4,0,Yes
EMP00982,29,R&D,Manager,10177.98,1,10.0,4,Non-Travel,No,3.0,3,3,1,0,No
EMP01456,27,Engineering,Manager,10119.37,5,4.0,4,Travel_Rarely,No,4.0,2,4,1,0,No
EMP00987,32,HR,Executive,15928.2,3,1.0,2,Travel_Frequently,No,3.0,3,2,3,1,Yes
EMP00650,24,R&D,Junior,4794.88,4,16.0,3,Travel_Rarely,No,3.0,3,4,2,0,No
EMP00322,30,Engineering,Intern,3205.22,2,1.0,3,Travel_Rarely,No,3.0,2,3,3,0,Yes
EMP00568,28,Sales,Senior,6758.86,0,26.0,5,Travel_Rarely,No,2.0,3,4,0,0,Yes
EMP00888,21,Sales,Senior,6934.85,1,24.0,4,Travel_Frequently,No,4.0,3,3,2,0,Yes
EMP00252,51,Sales,Junior,5777.48,8,1.0,3,Non-Travel,No,4.0,3,4,2,0,No
EMP00884,35,R&D,Junior,5626.27,15,9.0,1,Travel_Rarely,Yes,3.0,1,3,1,0,No
EMP01095,40,R&D,Junior,5300.87,5,1.0,3,Travel_Frequently,No,2.0,4,4,6,0,Yes
EMP01357,38,R&D,Junior,5156.32,2,2.0,3,Travel_Rarely,No,2.0,2,3,1,1,No
EMP00063,42,Sales,Manager,9967.65,1,9.0,4,Travel_Rarely,No,3.0,3,3,4,1,No
EMP00740,53,Engineering,Senior,12987.36,33,19.0,4,Travel_Rarely,No,4.0,3,3,1,1,No
EMP00090,40,Engineering,Senior,7427.28,1,1.0,3,Travel_Frequently,No,4.0,3,2,4,0,Yes
EMP00777,26,R&D,Junior,4287.99,1,8.0,3,Non-Travel,No,1.0,2,3,1,0,Yes
EMP01117,34,Sales,Manager,9677.51,7,2.0,3,Travel_Frequently,No,3.0,3,3,3,0,No
EMP00157,43,HR,Senior,8047.61,11,1.0,3,Travel_Rarely,Yes,4.0,2,3,4,0,No
EMP00442,39,HR,Manager,10280.52,1,7.0,4,Non-Travel,No,3.0,2,4,4,0,No
EMP01405,49,Sales,Senior,7157.93,2,5.0,3,Travel_Rarely,Yes,3.0,3,2,0,0,No
EMP00725,35,Engineering,Senior,7172.27,1,4.0,3,Non-Travel,No,1.0,4,2,2,1,No
EMP00415,29,R&D,Senior,7987.83,9,9.0,2,Non-Travel,No,1.0,3,3,3,1,No
EMP01396,33,Engineering,Intern,4152.06,7,6.0,3,Travel_Rarely,No,3.0,4,3,2,1,No
EMP00553,38,R&D,Senior,7485.74,4,4.0,3,Travel_Frequently,Yes,3.0,1,3,2,0,No
EMP00512,41,R&D,Junior,7361.85,8,1.0,5,Travel_Frequently,Yes,3.0,1,4,2,0,Yes
EMP01397,41,Engineering,Senior,6737.34,1,5.0,3,Travel_Rarely,Yes,3.0,3,3,0,1,No
EMP00522,35,R&D,Intern,2200.0,2,1.0,3,Travel_Rarely,Yes,3.0,2,4,3,0,Yes
EMP01246,44,Marketing,Senior,7160.56,1,12.0,5,Non-Travel,Yes,4.0,2,4,3,0,Yes
EMP00692,20,Engineering,Junior,4012.81,0,6.0,4,Travel_Rarely,No,4.0,4,1,7,0,No
EMP00702,31,Marketing,Junior,5013.86,4,7.0,3,Travel_Rarely,Yes,2.0,3,3,3,0,No
EMP00474,48,Engineering,Manager,9940.48,1,1.0,3,Non-Travel,Yes,4.0,1,1,0,1,No
EMP01099,29,HR,Senior,6588.53,1,2.0,3,Travel_Rarely,No,3.0,4,3,3,0,No
EMP01299,32,R&D,Manager,9269.55,1,3.0,2,Travel_Rarely,Yes,2.0,3,3,2,0,No
EMP01291,43,Sales,Senior,6788.27,1,9.0,4,Non-Travel,No,3.0,3,3,2,1,No
EMP00181,30,HR,Senior,5768.07,0,4.0,4,Non-Travel,No,3.0,4,3,1,0,No
EMP00721,44,Sales,Senior,8202.15,8,6.0,4,Travel_Frequently,Yes,3.0,1,3,3,0,No
EMP01442,37,Engineering,Junior,6428.11,8,2.0,5,Travel_Rarely,No,3.0,2,3,2,1,No
EMP01374,43,Sales,Manager,9000.04,7,7.0,1,Travel_Rarely,No,2.0,1,3,2,0,No
EMP00402,28,R&D,Junior,4734.25,3,1.0,4,Travel_Rarely,Yes,4.0,2,2,5,0,Yes
EMP00170,38,R&D,Intern,5236.79,5,5.0,5,Travel_Rarely,Yes,3.0,1,3,3,0,No
EMP01403,42,Engineering,Junior,6385.61,7,2.0,4,Travel_Rarely,No,3.0,2,3,2,0,No
EMP00346,25,Engineering,Manager,9357.01,1,5.0,4,Travel_Rarely,No,2.0,2,3,3,0,No
EMP01245,40,R&D,Senior,6913.71,2,3.0,4,Non-Travel,No,4.0,2,3,2,0,No
EMP00251,26,Marketing,Manager,9197.15,2,3.0,3,Travel_Rarely,No,3.0,2,1,6,1,No
EMP00296,38,Sales,Junior,4408.22,6,18.0,4,Travel_Rarely,Yes,2.0,3,3,4,0,No
EMP01166,29,Engineering,Manager,9640.28,1,10.0,3,Travel_Rarely,No,2.0,1,4,2,0,No
EMP00972,37,Marketing,Junior,5317.53,4,5.0,3,Travel_Rarely,Yes,3.0,2,2,4,1,Yes
EMP00844,20,Sales,Intern,2200.0,0,11.0,1,Non-Travel,No,3.0,2,3,1,0,No
EMP00263,32,Sales,Manager,10972.69,1,2.0,5,Non-Travel,No,4.0,4,1,3,0,No
EMP00121,30,Sales,Senior,7572.02,1,2.0,3,Travel_Rarely,No,2.0,3,3,3,0,No
EMP01116,40,R&D,Junior,4499.08,2,1.0,3,Non-Travel,Yes,1.0,2,2,4,1,No
EMP01379,38,Sales,Executive,13618.4,3,22.0,1,Travel_Frequently,No,3.0,4,3,4,0,No
EMP00220,39,Sales,Senior,7375.26,1,4.0,4,Travel_Frequently,Yes,4.0,1,4,0,1,No
EMP00268,30,R&D,Junior,3440.2,2,10.0,3,Travel_Rarely,No,4.0,4,4,2,0,Yes
EMP00369,38,HR,Manager,10474.82,1,10.0,4,Non-Travel,Yes,2.0,2,3,2,0,No
EMP00193,37,Sales,Senior,8897.13,5,4.0,5,Non-Travel,No,2.0,4,1,1,0,No
EMP00291,30,Sales,Junior,5611.99,10,14.0,4,Travel_Frequently,No,3.0,2,3,3,1,Yes
EMP00693,20,R&D,Senior,,0,5.0,4,Travel_Frequently,No,4.0,2,3,2,1,No
EMP00698,35,Marketing,Intern,3540.47,0,4.0,5,Travel_Rarely,Yes,2.0,2,3,3,0,No
EMP00720,29,Marketing,Executive,15781.52,3,6.0,4,Travel_Rarely,Yes,3.0,3,3,1,0,No
EMP01386,27,R&D,Senior,7571.31,3,10.0,4,Travel_Rarely,No,3.0,2,2,3,1,Yes
EMP01077,34,Engineering,Junior,5269.54,3,3.0,4,Travel_Frequently,No,3.0,3,4,2,0,No
EMP01231,30,Marketing,Senior,8499.58,7,15.0,3,Travel_Rarely,No,2.0,2,4,1,1,No
EMP00547,21,Marketing,Intern,3741.17,1,6.0,4,Travel_Rarely,No,3.0,3,3,3,1,No
EMP00075,35,Engineering,Junior,3935.04,0,6.0,2,Travel_Rarely,No,4.0,4,4,2,1,No
EMP01227,32,Engineering,Junior,3667.92,3,2.0,2,Travel_Rarely,No,4.0,2,4,2,1,No
EMP01029,27,Engineering,Junior,4403.91,1,2.0,4,Non-Travel,No,2.0,3,3,1,1,No
EMP00253,27,HR,Manager,10063.2,7,2.0,2,Non-Travel,Yes,1.0,2,3,3,0,No
EMP00433,35,Engineering,Manager,9695.42,2,3.0,4,Travel_Rarely,Yes,3.0,2,2,1,0,No
EMP00957,38,Sales,Manager,9957.23,2,1.0,3,Travel_Rarely,No,3.0,4,3,0,0,No
EMP00597,38,Sales,Junior,5061.81,7,9.0,4,Travel_Frequently,No,3.0,2,3,8,0,No
EMP01420,48,Engineering,Senior,7949.24,2,6.0,3,Non-Travel,Yes,1.0,4,1,3,1,No
EMP00012,50,Engineering,Junior,6012.99,3,11.0,5,Travel_Rarely,No,4.0,2,3,4,1,No
EMP01467,20,R&D,Senior,7274.49,0,10.0,4,Travel_Rarely,No,1.0,4,3,5,0,No
EMP00655,29,HR,Executive,15080.34,1,5.0,2,Non-Travel,No,3.0,2,2,2,0,No
EMP00979,41,R&D,Junior,5523.97,2,7.0,3,Travel_Rarely,No,4.0,3,4,1,0,Yes
EMP01308,45,Marketing,Senior,7998.34,8,1.0,4,Non-Travel,Yes,2.0,2,1,0,0,No
EMP00210,38,Sales,Intern,2603.26,2,9.0,3,Non-Travel,No,4.0,2,3,7,0,No
EMP01490,47,Sales,Manager,8638.27,1,2.0,3,Non-Travel,No,2.0,3,3,2,0,No
EMP00793,37,R&D,Senior,6907.46,2,5.0,3,Travel_Frequently,No,2.0,3,3,0,1,No
EMP01333,40,HR,Manager,9176.31,4,2.0,3,Travel_Rarely,No,3.0,2,3,0,0,No
EMP00180,41,HR,Junior,6406.37,9,7.0,3,Travel_Rarely,No,4.0,4,2,1,0,No
EMP01045,40,Sales,Senior,6804.48,3,1.0,3,Non-Travel,Yes,3.0,3,3,4,1,No
EMP00514,24,Marketing,Junior,4752.33,4,13.0,2,Travel_Rarely,No,3.0,3,4,6,1,No
EMP00313,40,Marketing,Senior,8081.95,7,22.0,4,Non-Travel,No,3.0,4,3,2,1,No
EMP00441,39,Sales,Intern,3930.81,2,8.0,3,Travel_Frequently,Yes,2.0,1,3,1,0,Yes
EMP00622,33,Marketing,Junior,5065.58,4,1.0,4,Non-Travel,Yes,2.0,1,4,4,0,Yes
EMP00161,49,Sales,Manager,8446.69,2,7.0,2,Travel_Frequently,No,3.0,2,4,2,0,Yes
EMP00803,45,R&D,Manager,9536.76,1,4.0,3,Travel_Rarely,Yes,3.0,3,3,4,0,No
EMP00377,41,R&D,Senior,8566.08,2,3.0,5,Travel_Rarely,No,2.0,3,4,2,0,No
EMP00206,51,R&D,Senior,7215.67,3,3.0,3,Travel_Rarely,No,2.0,3,4,1,0,No
EMP00289,34,Sales,Junior,5732.14,2,25.0,5,Travel_Rarely,Yes,3.0,3,2,2,0,No
EMP00057,26,Sales,Senior,7871.56,6,4.0,3,Travel_Rarely,Yes,1.0,2,3,1,0,No
EMP00685,42,Marketing,Manager,9890.26,1,1.0,2,Travel_Rarely,No,3.0,2,2,4,0,No
EMP00385,43,R&D,Senior,7623.7,3,19.0,3,Travel_Frequently,No,4.0,2,3,4,0,No
EMP00501,44,Marketing,Junior,4789.01,1,1.0,4,Non-Travel,No,4.0,3,3,0,0,No
EMP01119,36,Engineering,Executive,16002.94,3,7.0,3,Travel_Rarely,No,3.0,3,4,1,0,No
EMP00847,25,Sales,Senior,6392.58,4,20.0,1,Travel_Rarely,No,3.0,4,3,3,0,No
EMP00232,36,Sales,Senior,8063.97,3,1.0,4,Non-Travel,No,4.0,2,3,3,0,No
EMP01271,34,Sales,Manager,,4,4.0,4,Travel_Rarely,No,,3,3,3,0,No
EMP00426,27,Marketing,Senior,7413.5,2,1.0,3,Travel_Rarely,Yes,3.0,1,3,1,1,Yes
EMP01214,33,HR,Senior,6018.44,1,1.0,3,Travel_Rarely,No,2.0,3,4,1,0,Yes
EMP00311,45,R&D,Junior,4427.42,11,13.0,1,Travel_Rarely,No,2.0,4,2,3,0,No
EMP00590,40,Marketing,Senior,7461.91,1,1.0,3,Non-Travel,Yes,3.0,3,3,2,0,No
EMP00238,38,HR,Senior,6710.02,6,1.0,2,Travel_Frequently,No,2.0,2,3,1,0,No
EMP00237,55,R&D,Senior,7023.57,6,1.0,3,Travel_Rarely,No,2.0,3,4,0,0,No
EMP00427,37,Sales,Manager,13364.91,14,1.0,2,Travel_Rarely,No,4.0,3,4,2,0,No
EMP00958,48,R&D,Senior,6134.15,2,11.0,1,Non-Travel,Yes,3.0,3,2,3,1,Yes
EMP01352,39,Sales,Junior,5655.63,6,1.0,4,Travel_Rarely,No,3.0,3,3,1,0,No
EMP00582,30,Engineering,Intern,,7,,5,Travel_Frequently,No,,2,3,1,0,No
EMP01132,44,R&D,Senior,8798.75,9,1.0,4,Non-Travel,No,1.0,3,2,1,0,No
EMP00176,20,Sales,Junior,5124.77,0,1.0,5,Travel_Rarely,Yes,3.0,2,3,5,0,No
EMP01137,35,Sales,Intern,3722.17,0,6.0,3,Travel_Rarely,Yes,1.0,2,4,2,0,No
EMP00810,41,Sales,Senior,6932.42,6,17.0,3,Travel_Rarely,Yes,3.0,3,4,3,0,Yes
EMP00964,31,R&D,Senior,8164.81,4,13.0,4,Travel_Frequently,Yes,4.0,1,3,3,0,Yes
EMP00457,44,R&D,Manager,,2,,2,Travel_Rarely,Yes,,2,3,1,0,Yes
EMP00808,28,Engineering,Intern,3308.7,4,7.0,3,Travel_Rarely,No,2.0,3,2,0,1,No
EMP01322,33,Engineering,Junior,5908.92,2,9.0,4,Travel_Frequently,No,2.0,3,4,2,0,No
EMP00815,35,R&D,Senior,8603.71,7,3.0,4,Travel_Rarely,Yes,1.0,1,3,0,0,No
EMP01462,29,Sales,Senior,5469.04,1,17.0,1,Travel_Rarely,No,3.0,4,4,2,0,No
EMP00318,20,R&D,Senior,6379.75,0,7.0,3,Travel_Rarely,Yes,3.0,2,3,4,0,No
EMP00552,36,Sales,Executive,16247.9,2,17.0,4,Travel_Frequently,Yes,3.0,2,3,3,1,No
EMP01273,36,R&D,Manager,9341.76,1,2.0,3,Non-Travel,No,3.0,4,1,4,0,No
EMP00672,21,Sales,Manager,8378.71,0,1.0,3,Travel_Frequently,No,1.0,3,3,1,0,No
EMP01004,38,Engineering,Junior,5205.88,2,12.0,3,Travel_Rarely,No,1.0,3,3,1,0,No
EMP00153,26,Engineering,Junior,4186.62,5,2.0,1,Non-Travel,No,3.0,3,3,3,0,No
EMP00559,43,Sales,Manager,10810.83,3,1.0,5,Travel_Frequently,Yes,2.0,2,4,1,0,No
EMP01087,53,Marketing,Intern,4918.77,11,7.0,4,Travel_Frequently,No,2.0,3,2,1,0,No
EMP01378,33,R&D,Intern,2567.36,1,9.0,2,Travel_Rarely,Yes,1.0,2,3,2,0,Yes
EMP01372,46,Engineering,Junior,4111.46,5,13.0,3,Travel_Rarely,No,3.0,2,3,2,0,Yes
EMP00965,40,Sales,Junior,5789.01,3,1.0,4,Travel_Frequently,Yes,2.0,2,3,3,0,Yes
EMP01282,34,Engineering,Junior,5909.08,6,6.0,3,Travel_Rarely,No,4.0,3,2,2,0,No
EMP01485,44,R&D,Senior,7743.48,3,2.0,4,Travel_Rarely,No,4.0,2,3,3,0,No
EMP00753,40,Sales,Manager,9141.98,1,27.0,3,Travel_Frequently,No,3.0,3,3,1,0,Yes
EMP01041,43,Engineering,Senior,8290.51,3,6.0,5,Travel_Frequently,Yes,2.0,3,3,2,0,No
EMP01359,60,Marketing,Senior,7048.48,4,21.0,2,Travel_Rarely,No,2.0,3,3,4,0,No
EMP00575,38,Marketing,Senior,7263.29,8,4.0,4,Travel_Frequently,No,3.0,3,2,0,0,No
EMP01316,41,Engineering,Senior,8615.27,11,17.0,2,Travel_Frequently,No,4.0,3,4,1,1,No
EMP00265,46,R&D,Senior,6873.51,2,3.0,4,Travel_Rarely,No,4.0,2,3,5,0,No
EMP00292,44,Sales,Junior,5066.19,8,8.0,3,Travel_Rarely,Yes,2.0,2,1,2,0,No
EMP01301,51,Engineering,Intern,3972.31,4,1.0,4,Non-Travel,No,4.0,3,4,5,0,Yes
EMP00600,46,R&D,Senior,5966.39,3,8.0,1,Travel_Frequently,No,2.0,4,4,5,0,No
EMP00968,27,R&D,Manager,8422.28,0,12.0,1,Travel_Rarely,No,3.0,3,2,2,1,Yes
EMP00155,44,Sales,Junior,4590.0,1,31.0,3,Travel_Rarely,Yes,2.0,1,2,3,0,Yes
EMP00949,20,Engineering,Manager,9467.86,0,6.0,4,Travel_Rarely,No,3.0,1,3,1,0,No
EMP00023,40,Sales,Senior,7727.14,1,3.0,4,Travel_Rarely,No,2.0,4,2,2,1,No
EMP01279,40,Engineering,Senior,6872.99,1,1.0,5,Travel_Rarely,No,4.0,3,3,6,0,No
EMP01425,23,Sales,Manager,8616.45,3,1.0,1,Travel_Rarely,No,3.0,3,3,1,0,Yes
EMP01123,24,Engineering,Senior,8422.71,4,11.0,4,Non-Travel,No,4.0,3,3,1,0,No
EMP01495,28,Sales,Senior,8607.39,8,26.0,3,Travel_Rarely,Yes,2.0,3,3,2,0,No
EMP01056,26,R&D,Manager,8454.98,3,2.0,1,Travel_Frequently,Yes,4.0,2,4,3,0,No
EMP01415,33,HR,Junior,5160.18,7,13.0,3,Travel_Rarely,No,4.0,4,4,3,0,No
EMP01383,42,R&D,Senior,5885.5,1,9.0,4,Travel_Frequently,No,4.0,2,3,0,1,No
EMP00259,34,HR,Senior,6395.82,2,23.0,1,Travel_Frequently,No,3.0,3,3,4,0,No
EMP00228,24,Sales,Junior,5558.88,4,8.0,5,Travel_Rarely,Yes,2.0,3,3,2,0,No
EMP00317,31,R&D,Senior,8404.34,3,11.0,5,Travel_Frequently,Yes,3.0,2,3,6,1,No
EMP01197,37,Engineering,Intern,3961.08,5,1.0,4,Travel_Rarely,No,3.0,3,2,3,0,No
EMP00108,33,Engineering,Manager,10095.39,4,4.0,3,Travel_Rarely,Yes,1.0,2,3,1,0,Yes
EMP01390,32,R&D,Senior,7021.67,6,15.0,3,Travel_Rarely,Yes,3.0,3,3,3,0,Yes
EMP01162,31,Sales,Senior,7142.42,8,1.0,2,Travel_Rarely,No,3.0,1,4,2,0,Yes
EMP00428,29,Marketing,Senior,6809.18,0,1.0,4,Travel_Rarely,Yes,1.0,1,1,4,0,Yes
EMP00086,49,HR,Junior,,1,6.0,2,Travel_Rarely,No,,2,3,0,0,No
EMP00887,40,R&D,Junior,6057.11,9,2.0,3,Travel_Rarely,Yes,2.0,2,3,4,0,No
EMP01416,54,Marketing,Senior,6355.24,3,11.0,4,Travel_Rarely,No,3.0,4,3,0,0,No
EMP01049,38,Sales,Manager,10205.35,3,5.0,4,Travel_Rarely,No,4.0,2,3,4,1,No
EMP00593,20,Sales,Senior,7389.1,0,1.0,5,Travel_Frequently,No,3.0,3,4,2,0,No
EMP00611,41,Engineering,Manager,10758.83,4,5.0,5,Non-Travel,No,4.0,2,3,1,1,No
EMP00577,31,Sales,Senior,7037.35,2,19.0,4,Travel_Rarely,No,1.0,3,2,3,1,Yes
EMP00525,37,Marketing,Senior,8487.06,5,6.0,5,Travel_Frequently,No,2.0,3,3,0,0,No
EMP00031,44,Sales,Junior,5174.62,7,11.0,2,Travel_Rarely,Yes,1.0,2,2,2,0,No
EMP00011,38,Engineering,Senior,6881.19,1,1.0,1,Travel_Rarely,No,2.0,3,3,0,0,No
EMP01304,44,R&D,Senior,6704.28,5,8.0,2,Non-Travel,Yes,3.0,2,3,4,1,No
EMP00439,50,Sales,Executive,16182.64,13,3.0,2,Travel_Rarely,Yes,2.0,3,3,2,0,No
EMP00343,28,Engineering,Junior,4951.23,4,7.0,3,Travel_Rarely,Yes,3.0,4,4,2,0,No
EMP00711,39,R&D,Junior,4802.71,2,11.0,3,Travel_Rarely,No,3.0,4,3,1,0,No
EMP00846,33,Engineering,Manager,,2,1.0,3,Travel_Rarely,No,2.0,3,1,2,0,No
EMP00459,20,HR,Senior,7292.53,0,8.0,5,Travel_Rarely,No,2.0,3,4,1,0,No
EMP00849,36,Sales,Manager,10629.28,2,8.0,4,Travel_Rarely,Yes,3.0,3,3,2,0,No
EMP00670,33,Engineering,Manager,10444.85,6,5.0,5,Travel_Rarely,Yes,3.0,2,3,1,0,No
EMP01294,22,Sales,Junior,5045.31,0,26.0,4,Travel_Rarely,Yes,2.0,2,4,3,1,No
EMP00126,29,Sales,Intern,4696.97,9,5.0,3,Non-Travel,Yes,2.0,3,1,1,1,No
EMP00258,38,Marketing,Manager,10410.63,1,4.0,3,Non-Travel,No,3.0,4,3,1,0,Yes
EMP01195,35,HR,Junior,5304.77,2,23.0,4,Travel_Frequently,No,4.0,4,4,2,1,No
EMP00838,20,Marketing,Senior,6796.04,0,11.0,4,Non-Travel,No,2.0,3,3,4,0,No
EMP00314,29,Marketing,Senior,7031.85,3,4.0,3,Travel_Rarely,No,4.0,2,3,4,1,No
EMP00882,32,Sales,Manager,10844.35,7,4.0,5,Travel_Frequently,No,3.0,4,4,2,1,No
EMP01062,21,Sales,Junior,4641.14,1,3.0,2,Travel_Rarely,No,4.0,2,4,2,0,No
EMP00005,22,Marketing,Senior,6893.14,0,1.0,3,Travel_Rarely,No,4.0,4,4,1,0,No
EMP01065,32,Engineering,Executive,16907.48,8,11.0,4,Travel_Rarely,No,3.0,3,4,3,0,No
EMP00199,48,Engineering,Intern,2655.45,2,19.0,2,Travel_Rarely,No,4.0,4,2,0,0,No
EMP00629,47,R&D,Junior,5130.55,1,2.0,3,Travel_Rarely,No,2.0,4,3,0,0,Yes
EMP00410,36,R&D,Senior,5051.81,3,1.0,2,Travel_Frequently,No,4.0,3,4,2,0,No
EMP01257,27,Sales,Senior,7229.43,1,7.0,4,Travel_Rarely,Yes,3.0,3,3,3,1,No
EMP00717,34,Engineering,Junior,4540.94,3,10.0,2,Travel_Rarely,No,3.0,4,3,2,1,No
EMP00840,42,Marketing,Senior,7919.45,1,10.0,5,Non-Travel,No,4.0,2,3,1,0,No
EMP00175,44,Engineering,Executive,15744.34,3,1.0,1,Travel_Rarely,No,3.0,3,3,3,0,Yes
EMP01278,32,Sales,Manager,9598.02,0,14.0,3,Travel_Frequently,Yes,1.0,1,3,1,0,No
EMP01083,41,R&D,Junior,5762.61,11,20.0,3,Travel_Rarely,No,1.0,4,3,2,0,No
EMP00470,39,R&D,Junior,4613.27,1,3.0,3,Travel_Rarely,No,4.0,4,3,2,0,Yes
EMP00203,38,Engineering,Senior,7201.09,1,3.0,3,Travel_Rarely,No,4.0,3,3,6,1,No
EMP00962,45,Engineering,Junior,6406.69,12,10.0,3,Non-Travel,Yes,1.0,3,3,2,0,No
EMP00596,20,Marketing,Senior,6300.1,0,7.0,4,Travel_Rarely,No,1.0,4,3,1,1,No
EMP00632,38,Engineering,Senior,6865.22,1,3.0,2,Travel_Frequently,No,3.0,3,3,2,0,No
EMP00178,24,R&D,Senior,6851.96,4,1.0,4,Travel_Rarely,No,4.0,2,3,3,0,Yes
EMP00276,42,Sales,Senior,6695.34,4,6.0,3,Travel_Rarely,No,3.0,2,1,4,0,Yes
EMP00898,31,R&D,Senior,6682.87,1,26.0,1,Travel_Rarely,Yes,4.0,2,4,4,0,Yes
EMP00413,48,Marketing,Senior,7532.97,2,4.0,3,Travel_Rarely,Yes,4.0,3,2,2,0,No
EMP00014,48,Sales,Junior,8152.57,15,34.0,4,Travel_Rarely,No,3.0,2,3,1,0,No
EMP00484,40,R&D,Senior,7304.69,1,1.0,4,Travel_Rarely,Yes,3.0,3,4,3,0,Yes
EMP01464,40,Sales,Junior,5621.48,7,10.0,4,Non-Travel,No,4.0,3,4,2,0,No
EMP01453,43,R&D,Intern,3016.53,3,4.0,3,Travel_Frequently,No,4.0,3,2,5,0,No
EMP00476,38,Sales,Executive,16528.13,2,1.0,4,Non-Travel,No,4.0,2,4,3,0,No
EMP00904,39,Engineering,Senior,5324.13,1,18.0,2,Non-Travel,No,3.0,3,3,3,0,Yes
EMP00539,35,R&D,Senior,8795.93,6,6.0,4,Non-Travel,No,3.0,4,3,3,0,No
EMP00616,57,Marketing,Senior,7796.4,5,6.0,4,Travel_Rarely,Yes,2.0,4,3,2,0,No
EMP01394,34,Marketing,Manager,10655.68,2,2.0,4,Non-Travel,No,4.0,3,2,0,0,Yes
EMP00118,50,Sales,Junior,4756.31,4,1.0,3,Non-Travel,Yes,3.0,3,3,0,1,Yes
EMP00537,42,R&D,Intern,2200.0,4,23.0,1,Travel_Rarely,No,3.0,2,1,1,0,Yes
EMP01124,34,Marketing,Junior,6109.85,9,9.0,4,Travel_Rarely,No,3.0,3,4,1,0,Yes
EMP01125,35,Engineering,Intern,4358.3,4,4.0,4,Travel_Frequently,No,4.0,3,2,2,0,Yes
EMP00642,47,Sales,Executive,15975.6,2,1.0,4,Travel_Rarely,Yes,2.0,2,3,1,0,No
EMP00603,36,R&D,Senior,,1,2.0,3,Travel_Rarely,No,3.0,3,3,0,0,No
EMP01206,32,R&D,Intern,4294.99,3,10.0,4,Travel_Frequently,No,2.0,3,3,1,1,No
EMP01185,31,HR,Intern,5140.3,6,2.0,4,Travel_Rarely,No,3.0,4,3,0,0,No
EMP01276,41,Marketing,Junior,3288.21,1,3.0,2,Non-Travel,No,4.0,2,3,5,0,No
EMP00164,51,R&D,Senior,7225.02,3,8.0,4,Travel_Rarely,No,1.0,3,3,2,1,No
EMP00112,25,Sales,Junior,4184.64,5,1.0,2,Travel_Frequently,No,4.0,3,4,3,0,No
EMP00345,20,Sales,Senior,7449.19,0,1.0,4,Travel_Rarely,No,4.0,3,3,0,1,No
EMP01186,27,Engineering,Junior,6772.0,7,10.0,4,Travel_Rarely,No,3.0,2,3,2,0,No
EMP00619,24,Sales,Junior,3786.84,3,24.0,2,Travel_Rarely,No,3.0,3,4,4,1,No
EMP00483,45,Sales,Intern,2491.12,3,14.0,1,Travel_Rarely,No,3.0,3,3,3,0,Yes
EMP01328,39,Sales,Manager,10284.68,2,7.0,3,Travel_Rarely,No,3.0,3,4,3,1,No
EMP00985,52,Sales,Junior,5862.61,10,14.0,1,Travel_Rarely,No,3.0,4,3,2,0,No
EMP00131,43,Sales,Intern,6044.04,12,1.0,2,Travel_Frequently,No,2.0,1,3,4,1,No
EMP01289,27,Sales,Senior,6772.75,2,8.0,3,Non-Travel,No,3.0,2,3,4,1,Yes
EMP01469,28,Engineering,Manager,10586.93,3,1.0,2,Travel_Rarely,No,4.0,3,1,3,0,No
EMP00339,38,Sales,Senior,6199.01,3,8.0,3,Travel_Rarely,No,4.0,4,3,1,0,No
EMP00991,32,R&D,Executive,16082.62,3,14.0,3,Travel_Rarely,No,3.0,3,3,1,1,No
EMP01066,25,HR,Junior,3899.88,0,11.0,2,Travel_Frequently,Yes,3.0,2,3,2,0,No
EMP00073,36,R&D,Senior,7335.45,7,16.0,3,Travel_Frequently,Yes,2.0,1,3,1,0,Yes
EMP00515,27,Marketing,Intern,2200.0,2,1.0,1,Travel_Rarely,Yes,4.0,3,2,0,1,No
EMP01000,31,Sales,Senior,9793.84,10,4.0,5,Travel_Frequently,No,2.0,3,3,2,0,No
EMP00516,43,HR,Senior,6051.87,1,15.0,3,Travel_Rarely,Yes,1.0,3,4,2,0,No
EMP01218,36,Engineering,Senior,8060.61,9,2.0,4,Travel_Rarely,No,2.0,3,3,0,0,No
EMP00379,20,Sales,Senior,7021.88,0,2.0,4,Travel_Rarely,Yes,3.0,2,3,5,1,No
EMP00013,27,R&D,Senior,6812.65,3,1.0,3,Travel_Rarely,Yes,3.0,1,3,3,0,No
EMP00448,20,Sales,Senior,7461.18,0,2.0,5,Travel_Rarely,No,4.0,3,4,0,1,No
EMP01290,39,Engineering,Manager,10940.73,9,30.0,2,Travel_Frequently,No,1.0,3,3,3,1,No
EMP00209,36,Engineering,Junior,3615.82,0,1.0,3,Travel_Frequently,No,3.0,4,4,2,0,No
EMP00304,20,Marketing,Junior,2649.5,0,1.0,2,Travel_Frequently,No,4.0,3,4,4,0,Yes
EMP00577,31,Sales,Senior,7037.35,2,19.0,4,Travel_Rarely,No,1.0,3,2,3,1,Yes
EMP00621,36,HR,Executive,15323.08,5,27.0,1,Non-Travel,Yes,2.0,2,2,2,0,Yes
EMP01187,39,R&D,Junior,5823.38,4,9.0,4,Travel_Frequently,Yes,2.0,2,3,0,0,No
EMP01063,36,R&D,Senior,7572.93,5,1.0,4,Travel_Rarely,No,3.0,3,3,1,0,Yes
EMP00566,36,Engineering,Intern,3252.84,3,1.0,3,Non-Travel,No,2.0,3,2,1,0,No
EMP01377,31,HR,Junior,5253.19,0,7.0,3,Travel_Rarely,No,2.0,3,3,4,1,Yes
EMP00694,38,Engineering,Senior,8355.94,6,4.0,3,Travel_Frequently,No,3.0,3,4,3,0,No
EMP01106,34,Sales,Senior,7988.83,1,4.0,4,Travel_Rarely,No,4.0,1,4,3,0,No
EMP00930,43,R&D,Manager,10960.52,4,27.0,3,Travel_Rarely,Yes,2.0,3,4,3,1,Yes
EMP00645,28,Engineering,Junior,5307.75,4,6.0,3,Travel_Rarely,No,2.0,3,3,3,0,Yes
EMP00883,39,Marketing,Senior,8128.28,3,9.0,5,Travel_Frequently,No,4.0,2,3,1,0,No
EMP00341,20,Marketing,Junior,5422.58,0,3.0,4,Travel_Rarely,No,3.0,2,3,2,1,No
EMP00908,20,HR,Intern,2200.0,0,1.0,3,Travel_Rarely,No,2.0,2,3,3,1,No
EMP00347,27,Marketing,Intern,2601.03,3,1.0,3,Travel_Frequently,No,2.0,3,3,1,0,No
EMP01434,35,Engineering,Intern,5037.5,15,18.0,3,Travel_Rarely,Yes,3.0,2,3,2,1,No
EMP01320,38,Engineering,Manager,10214.8,1,1.0,4,Travel_Rarely,No,3.0,3,3,4,0,No
EMP00305,22,Sales,Manager,,2,24.0,3,Non-Travel,Yes,2.0,2,3,3,1,Yes
EMP00037,49,Engineering,Senior,6386.51,2,5.0,2,Travel_Rarely,No,2.0,3,3,1,1,No
EMP00812,36,Engineering,Junior,4127.87,2,12.0,3,Travel_Rarely,Yes,4.0,2,3,3,0,Yes
EMP00043,45,Engineering,Junior,3905.17,1,6.0,1,Travel_Rarely,Yes,3.0,3,2,1,0,Yes
EMP00941,44,HR,Senior,7637.42,2,5.0,3,Travel_Rarely,No,4.0,1,1,1,0,No
EMP00395,27,R&D,Manager,10438.56,5,18.0,2,Travel_Rarely,No,2.0,2,3,2,1,No
EMP00879,32,R&D,Junior,4077.72,1,4.0,2,Travel_Rarely,Yes,3.0,3,3,1,1,No
EMP01144,30,Engineering,Junior,5079.74,3,1.0,4,Travel_Rarely,No,3.0,4,1,1,0,Yes
EMP01219,31,Engineering,Senior,7685.19,1,20.0,3,Travel_Rarely,No,3.0,2,3,3,0,No
EMP00734,40,Engineering,Intern,2720.58,3,10.0,4,Non-Travel,No,3.0,3,2,1,0,Yes
EMP00460,42,HR,Intern,3666.84,3,7.0,5,Non-Travel,No,2.0,3,3,2,0,Yes
EMP00708,27,Sales,Senior,,2,,2,Travel_Rarely,No,,3,2,4,0,No
EMP00424,32,Marketing,Senior,6851.51,1,2.0,3,Non-Travel,No,3.0,4,2,4,0,Yes
EMP01493,28,HR,Junior,3815.11,1,1.0,2,Travel_Rarely,Yes,4.0,3,3,0,0,No
EMP01349,28,Sales,Junior,6117.07,3,1.0,5,Non-Travel,No,3.0,3,4,0,1,No
EMP00880,46,R&D,Junior,4497.34,3,1.0,2,Travel_Rarely,No,1.0,3,3,1,1,Yes
EMP00295,41,Marketing,Senior,6731.01,3,2.0,3,Travel_Rarely,Yes,4.0,3,4,3,0,No
EMP00586,29,Engineering,Intern,4416.0,4,10.0,4,Travel_Rarely,No,2.0,4,3,2,0,Yes
EMP00027,35,HR,Junior,5146.74,5,1.0,2,Travel_Frequently,Yes,2.0,1,2,0,0,Yes
EMP00681,36,R&D,Manager,9880.95,3,1.0,4,Travel_Frequently,No,4.0,2,4,4,1,No
EMP01052,44,R&D,Senior,6371.99,2,11.0,3,Travel_Rarely,No,3.0,3,4,4,0,No
EMP01047,35,R&D,Junior,4657.0,8,17.0,3,Travel_Rarely,No,3.0,3,3,3,0,Yes
EMP00136,31,Engineering,Intern,2200.0,3,1.0,2,Travel_Rarely,Yes,2.0,2,3,1,1,Yes
EMP00511,22,Sales,Junior,5248.9,2,12.0,3,Non-Travel,No,3.0,3,3,2,0,No
EMP00211,26,Marketing,Senior,7853.87,4,2.0,2,Travel_Frequently,No,4.0,1,4,2,0,No
EMP01112,33,Sales,Manager,11708.26,6,5.0,5,Non-Travel,No,4.0,4,3,1,0,No
EMP00354,24,Engineering,Junior,5553.18,4,10.0,4,Travel_Rarely,No,4.0,2,3,1,0,No
EMP00955,23,HR,Senior,5934.33,0,3.0,3,Travel_Rarely,Yes,3.0,3,3,3,0,Yes
EMP01255,27,R&D,Senior,7595.49,4,6.0,3,Non-Travel,No,2.0,2,3,5,0,No
EMP00853,26,R&D,Junior,4223.52,2,14.0,3,Travel_Rarely,No,3.0,2,4,1,0,Yes
EMP00056,43,Sales,Junior,5432.74,5,17.0,5,Travel_Rarely,No,4.0,3,4,1,0,No
EMP00464,30,Engineering,Executive,16185.7,5,7.0,4,Travel_Rarely,No,3.0,3,3,2,1,No
EMP01429,27,Marketing,Manager,8944.38,1,1.0,2,Travel_Rarely,No,2.0,1,2,1,0,No
EMP01450,31,Sales,Manager,10881.79,4,1.0,3,Travel_Rarely,No,4.0,3,3,3,0,No
EMP00857,35,HR,Senior,6800.68,2,14.0,3,Travel_Rarely,No,4.0,4,3,1,1,No
EMP00217,45,Engineering,Junior,,9,,4,Travel_Rarely,No,,4,3,0,0,No
EMP01424,28,Engineering,Junior,4281.39,0,40.0,1,Travel_Frequently,No,4.0,3,4,2,0,No
EMP00041,38,R&D,Senior,9595.4,10,13.0,4,Travel_Rarely,Yes,3.0,3,4,1,0,Yes
EMP00885,20,R&D,Intern,3812.01,0,6.0,3,Travel_Rarely,No,4.0,4,3,3,0,No
EMP00397,20,HR,Junior,3445.48,0,6.0,1,Travel_Rarely,No,3.0,4,3,0,0,No
EMP01461,33,R&D,Junior,4598.55,0,3.0,3,Travel_Frequently,No,2.0,4,3,6,0,No
EMP01060,31,Engineering,Senior,7260.36,2,9.0,5,Non-Travel,Yes,2.0,2,3,3,1,No
EMP01247,41,Sales,Junior,3727.07,2,2.0,2,Non-Travel,No,3.0,3,3,3,0,No
EMP01392,37,R&D,Executive,16330.19,10,3.0,2,Travel_Rarely,No,3.0,2,3,2,0,No
EMP00989,29,Engineering,Manager,11308.29,1,4.0,5,Travel_Rarely,Yes,1.0,1,3,2,0,No
EMP01404,31,Engineering,Junior,6442.51,11,7.0,4,Travel_Rarely,No,3.0,4,2,3,0,No
EMP00179,39,Sales,Junior,5598.09,1,1.0,4,Travel_Rarely,No,2.0,3,3,2,0,No
EMP00177,21,R&D,Junior,4833.02,1,27.0,4,Travel_Rarely,No,1.0,3,3,3,0,No
EMP00741,28,Engineering,Manager,9812.52,3,3.0,3,Travel_Rarely,No,1.0,2,3,3,0,No
EMP00508,32,R&D,Manager,9740.07,1,1.0,3,Travel_Rarely,No,3.0,3,3,1,0,No
EMP00571,43,R&D,Senior,6863.8,7,2.0,2,Travel_Rarely,No,2.0,2,3,1,0,No
EMP00921,35,R&D,Junior,3722.64,0,1.0,1,Travel_Rarely,Yes,1.0,2,3,5,0,No
EMP01329,42,Sales,Senior,8226.3,12,11.0,3,Non-Travel,No,3.0,2,3,1,1,No
EMP00301,54,Marketing,Senior,7168.1,8,2.0,2,Travel_Rarely,No,3.0,3,3,1,0,No
EMP01431,33,Sales,Senior,6894.94,1,32.0,4,Travel_Rarely,No,2.0,2,2,1,0,No
EMP00981,42,R&D,Senior,6563.99,1,5.0,3,Travel_Frequently,No,2.0,4,3,4,0,No
EMP00640,25,Sales,Junior,6355.27,3,11.0,4,Travel_Frequently,Yes,1.0,1,3,1,1,Yes
EMP00564,37,R&D,Manager,9174.32,1,7.0,2,Travel_Rarely,No,4.0,4,3,3,0,No
EMP01259,45,Engineering,Junior,4667.35,2,14.0,4,Non-Travel,No,3.0,2,2,0,0,No
EMP00079,33,R&D,Junior,5089.01,0,13.0,3,Travel_Rarely,No,3.0,3,3,2,1,No
EMP00519,26,R&D,Junior,5122.03,1,3.0,2,Non-Travel,No,4.0,3,4,2,0,No
EMP01401,36,Sales,Senior,5908.06,3,5.0,2,Travel_Rarely,Yes,1.0,3,2,3,0,Yes
EMP00727,43,R&D,Senior,6798.68,1,40.0,3,Travel_Rarely,Yes,2.0,1,3,7,0,Yes
EMP00229,45,Engineering,Senior,8374.15,12,2.0,2,Travel_Frequently,No,3.0,2,3,2,0,Yes
EMP00819,34,Marketing,Junior,5166.88,5,16.0,4,Travel_Rarely,No,3.0,3,3,2,1,No
EMP01073,20,Engineering,Junior,4950.83,0,24.0,3,Travel_Rarely,No,2.0,3,3,1,1,No
EMP00051,37,R&D,Senior,6540.62,2,7.0,3,Travel_Rarely,No,4.0,2,2,1,0,No
EMP00030,38,R&D,Senior,6988.47,2,4.0,2,Non-Travel,No,3.0,3,2,3,0,No
EMP00634,40,Engineering,Junior,5205.81,11,1.0,3,Travel_Rarely,No,2.0,3,4,4,1,Yes
EMP00657,47,Engineering,Senior,8123.65,3,21.0,5,Travel_Rarely,No,1.0,3,4,0,0,No
EMP00562,30,HR,Senior,8145.2,7,1.0,3,Non-Travel,No,3.0,2,4,1,1,Yes
EMP01342,29,Sales,Junior,6754.61,8,1.0,4,Non-Travel,No,1.0,3,4,3,0,No
EMP01182,41,R&D,Junior,5077.82,5,3.0,3,Travel_Frequently,Yes,2.0,1,4,1,0,Yes
EMP00226,39,R&D,Executive,14226.72,1,8.0,4,Travel_Rarely,No,3.0,3,3,2,0,No
EMP01139,37,R&D,Senior,5796.01,1,7.0,3,Travel_Rarely,No,4.0,1,3,3,0,No
EMP00204,21,Marketing,Junior,4997.39,1,1.0,4,Non-Travel,Yes,3.0,3,3,1,0,No
EMP00445,29,Marketing,Junior,3732.36,0,12.0,2,Travel_Rarely,No,2.0,3,2,2,0,No
EMP00372,25,R&D,Intern,2629.22,1,5.0,3,Travel_Rarely,No,3.0,3,2,7,0,No
EMP00033,36,R&D,Manager,9777.58,3,1.0,3,Travel_Rarely,No,2.0,3,3,1,0,Yes
EMP01126,27,HR,Junior,7002.9,7,1.0,4,Travel_Rarely,Yes,4.0,2,3,1,0,Yes
EMP01211,37,Engineering,Manager,12056.36,13,3.0,3,Travel_Frequently,No,2.0,3,3,1,0,No
EMP00966,22,R&D,Manager,10264.03,0,2.0,4,Travel_Frequently,Yes,4.0,3,4,1,0,No
EMP01067,51,Sales,Senior,7360.05,2,6.0,4,Travel_Rarely,No,3.0,3,3,0,0,Yes
EMP00894,27,HR,Intern,3563.48,1,2.0,5,Non-Travel,Yes,2.0,1,4,2,0,Yes
EMP00669,42,HR,Manager,10511.61,5,14.0,3,Travel_Rarely,Yes,3.0,2,2,2,0,No
EMP01210,46,Engineering,Junior,,2,,4,Travel_Frequently,No,,2,3,1,0,Yes
EMP01234,32,R&D,Junior,5399.93,5,1.0,2,Travel_Frequently,No,3.0,3,4,0,0,No
EMP00959,33,Marketing,Senior,7396.93,2,4.0,4,Travel_Frequently,Yes,2.0,1,3,6,0,No
EMP00335,23,Sales,Senior,7273.0,1,1.0,3,Travel_Rarely,Yes,1.0,3,4,4,0,Yes
EMP00383,44,R&D,Senior,6579.59,2,5.0,3,Travel_Rarely,No,4.0,3,4,1,0,No
EMP01090,35,Engineering,Intern,3377.87,3,1.0,3,Travel_Rarely,No,3.0,1,4,2,0,No
EMP01147,38,R&D,Manager,10544.32,2,4.0,5,Travel_Rarely,Yes,2.0,3,4,4,0,No
EMP00373,42,R&D,Senior,6750.51,8,22.0,2,Travel_Frequently,No,2.0,3,4,2,0,Yes
EMP00152,43,HR,Senior,6507.2,4,20.0,3,Non-Travel,No,4.0,3,4,6,0,Yes
EMP00960,37,Sales,Junior,4919.95,4,6.0,2,Travel_Rarely,No,2.0,4,2,1,0,No
EMP00779,36,Sales,Junior,4395.85,1,1.0,4,Travel_Rarely,No,3.0,3,3,0,0,No
EMP01016,35,Engineering,Junior,3709.64,1,4.0,2,Travel_Frequently,No,1.0,2,4,3,0,No
EMP00004,42,Engineering,Junior,5207.28,7,1.0,2,Travel_Frequently,No,3.0,2,1,1,0,No
EMP00387,28,Engineering,Senior,7141.63,0,1.0,4,Travel_Rarely,No,4.0,2,4,4,0,No
EMP00703,42,Sales,Manager,11483.72,9,7.0,4,Travel_Frequently,No,3.0,3,3,1,0,No
EMP00643,31,Sales,Intern,2957.23,1,1.0,4,Non-Travel,Yes,3.0,2,3,3,0,Yes
EMP00430,20,R&D,Manager,9370.86,0,3.0,3,Travel_Rarely,No,2.0,3,1,1,0,No
EMP01191,43,R&D,Intern,3330.73,2,7.0,4,Travel_Frequently,No,2.0,3,2,3,1,No
EMP01466,25,Engineering,Senior,6590.41,0,3.0,3,Non-Travel,No,3.0,3,3,3,0,Yes
EMP01300,32,HR,Senior,8690.86,5,1.0,4,Travel_Frequently,Yes,4.0,3,4,3,1,Yes
EMP00446,43,Engineering,Manager,11101.22,8,1.0,1,Travel_Rarely,No,2.0,2,3,1,1,No
EMP00855,36,R&D,Junior,5442.8,4,12.0,5,Travel_Rarely,No,2.0,2,4,5,0,Yes
EMP01454,45,Marketing,Senior,8830.09,15,6.0,3,Non-Travel,Yes,2.0,1,3,0,0,No
EMP00042,27,R&D,Manager,11767.16,7,17.0,4,Travel_Rarely,No,3.0,3,4,3,0,No
EMP00834,29,HR,Manager,10280.29,8,4.0,2,Travel_Rarely,No,3.0,2,3,0,0,Yes
EMP00223,28,HR,Senior,6576.97,2,22.0,2,Travel_Rarely,No,4.0,2,3,3,0,No
EMP00841,25,Engineering,Executive,16605.74,5,16.0,4,Travel_Rarely,Yes,4.0,2,3,3,0,No
EMP01399,52,Sales,Junior,7132.76,13,39.0,4,Travel_Rarely,No,3.0,4,3,1,0,Yes
EMP00053,22,Engineering,Junior,5477.24,2,12.0,5,Travel_Rarely,No,3.0,3,1,2,0,No
EMP00502,30,R&D,Junior,4842.54,1,1.0,4,Travel_Rarely,No,3.0,4,4,3,0,Yes
EMP00114,33,Engineering,Junior,3482.83,0,2.0,1,Travel_Rarely,No,1.0,4,3,1,0,No
EMP00049,24,Sales,Manager,10715.61,4,6.0,3,Travel_Rarely,No,3.0,3,3,1,1,No
EMP00290,42,Sales,Senior,7010.56,8,11.0,3,Travel_Rarely,No,4.0,3,3,1,1,No
EMP00077,24,Sales,Manager,9875.41,0,1.0,3,Travel_Rarely,No,3.0,3,4,2,0,No
EMP01022,22,Marketing,Senior,6827.08,2,2.0,3,Travel_Rarely,Yes,3.0,1,4,6,0,Yes
EMP00207,36,Engineering,Senior,7692.81,4,2.0,3,Travel_Frequently,No,3.0,3,3,2,0,Yes
EMP00974,32,Sales,Senior,5780.13,0,7.0,1,Travel_Frequently,No,3.0,3,4,3,0,No
EMP00633,42,Engineering,Junior,4987.33,1,9.0,4,Non-Travel,No,4.0,3,4,0,0,No
EMP00776,33,HR,Intern,2200.0,3,22.0,1,Travel_Rarely,No,3.0,4,2,1,0,No
EMP00890,33,Engineering,Junior,3628.63,2,1.0,3,Travel_Rarely,No,3.0,3,2,0,0,No
EMP00900,20,HR,Manager,9638.3,0,33.0,2,Non-Travel,Yes,2.0,3,3,4,0,No
EMP00833,36,Sales,Senior,6881.15,10,4.0,2,Non-Travel,Yes,4.0,3,3,2,0,Yes
EMP00684,34,R&D,Junior,4651.0,2,1.0,3,Travel_Frequently,Yes,4.0,3,3,4,1,No
EMP01375,35,HR,Senior,6164.87,2,3.0,2,Travel_Rarely,No,3.0,3,3,0,0,No
EMP00618,27,Engineering,Manager,9859.55,6,13.0,4,Non-Travel,No,4.0,4,3,0,1,No
EMP00686,32,Engineering,Senior,7452.25,1,19.0,3,Non-Travel,No,3.0,3,3,3,0,No
EMP00870,52,R&D,Manager,9084.29,1,8.0,2,Travel_Rarely,No,3.0,2,3,2,0,Yes
EMP00674,30,R&D,Senior,6554.64,5,1.0,2,Travel_Frequently,No,4.0,3,4,2,0,No
EMP00750,38,Engineering,Executive,15215.09,1,1.0,3,Travel_Rarely,Yes,4.0,3,3,5,1,No
EMP01003,26,R&D,Junior,3926.46,0,1.0,1,Travel_Rarely,No,3.0,1,4,2,0,Yes
EMP01339,32,R&D,Manager,9295.53,0,17.0,4,Travel_Rarely,Yes,2.0,1,3,1,0,Yes
EMP00409,34,Sales,Senior,7180.1,2,17.0,2,Travel_Frequently,No,1.0,2,3,2,0,No
EMP00630,28,Engineering,Intern,3487.23,0,15.0,4,Travel_Rarely,No,3.0,2,3,1,0,Yes
EMP01239,52,Sales,Junior,5499.07,2,4.0,4,Travel_Rarely,No,3.0,3,2,0,0,No
EMP00647,51,R&D,Junior,5304.57,1,2.0,4,Travel_Rarely,No,1.0,3,4,1,0,Yes
EMP00140,27,Engineering,Junior,5120.36,2,19.0,3,Travel_Rarely,No,2.0,1,2,2,0,No
EMP01122,32,Engineering,Junior,4867.87,7,6.0,3,Travel_Frequently,Yes,4.0,2,3,1,0,Yes
EMP00914,43,Engineering,Senior,6659.11,5,10.0,2,Travel_Rarely,No,4.0,4,2,3,0,No
EMP00166,31,Marketing,Intern,2200.0,0,10.0,2,Non-Travel,No,2.0,3,4,1,0,No
EMP01097,35,Marketing,Manager,9419.81,0,19.0,4,Travel_Frequently,No,3.0,3,3,1,0,No
EMP00813,40,Engineering,Senior,7975.9,10,11.0,4,Travel_Frequently,Yes,2.0,2,3,5,0,Yes
EMP00215,35,Sales,Junior,3984.98,3,1.0,3,Travel_Rarely,No,3.0,3,4,3,0,No
EMP00132,33,Marketing,Manager,12045.92,13,1.0,3,Travel_Frequently,No,1.0,1,2,1,0,No
EMP00315,39,Engineering,Senior,8365.46,12,3.0,2,Travel_Rarely,No,1.0,4,3,2,0,No
EMP00139,60,Engineering,Junior,6409.73,4,2.0,4,Travel_Rarely,No,4.0,4,1,2,0,No
EMP01196,34,Sales,Senior,7413.53,1,2.0,3,Travel_Rarely,No,3.0,4,2,3,0,No
EMP00417,30,R&D,Manager,10203.09,5,2.0,3,Non-Travel,No,4.0,2,4,0,0,No
EMP01030,49,Marketing,Executive,14344.71,2,7.0,2,Non-Travel,No,2.0,4,4,0,1,No
EMP00039,49,HR,Senior,6490.03,1,3.0,2,Travel_Rarely,Yes,1.0,1,3,0,0,Yes
EMP00054,51,HR,Senior,9629.84,7,6.0,5,Travel_Rarely,No,3.0,3,2,2,0,No
EMP00707,32,R&D,Intern,5373.97,9,10.0,4,Travel_Rarely,No,4.0,3,3,1,1,No
EMP00137,34,Engineering,Junior,4496.12,5,3.0,2,Travel_Rarely,Yes,1.0,2,3,5,1,Yes
EMP01380,20,Engineering,Manager,10687.41,0,1.0,4,Travel_Frequently,Yes,1.0,2,4,1,0,Yes
EMP00794,30,Sales,Senior,6617.09,0,7.0,4,Travel_Frequently,No,2.0,2,3,2,1,No
EMP00036,39,Engineering,Manager,14127.43,13,10.0,5,Travel_Frequently,No,3.0,4,3,1,0,Yes
EMP00026,42,Sales,Junior,5091.09,3,10.0,3,Travel_Rarely,Yes,2.0,1,3,0,0,Yes
EMP00658,39,Sales,Intern,3838.89,6,1.0,4,Travel_Rarely,No,2.0,4,3,3,0,No
EMP00450,36,Engineering,Senior,7388.85,2,5.0,4,Travel_Frequently,No,3.0,3,3,0,1,Yes
EMP00579,41,Engineering,Manager,10787.34,1,15.0,5,Travel_Rarely,No,4.0,3,3,3,0,No
EMP00303,35,Sales,Junior,5374.76,2,3.0,4,Travel_Rarely,Yes,1.0,3,3,2,1,No
EMP01418,39,Engineering,Junior,4763.0,1,26.0,2,Travel_Rarely,No,3.0,2,3,2,0,No
EMP01471,20,Sales,Junior,5218.8,0,5.0,4,Travel_Rarely,No,3.0,3,2,0,0,No
EMP01161,45,R&D,Senior,7866.7,12,1.0,2,Travel_Rarely,Yes,2.0,3,2,1,0,No
EMP01053,49,R&D,Junior,5398.57,3,36.0,3,Travel_Rarely,No,2.0,4,4,4,0,No
EMP01189,40,Sales,Junior,5058.15,3,11.0,5,Non-Travel,No,1.0,3,4,0,0,No
EMP00778,38,R&D,Senior,7895.79,2,17.0,5,Non-Travel,No,3.0,3,3,2,0,Yes
EMP01215,39,HR,Senior,7017.62,4,1.0,3,Travel_Rarely,No,3.0,3,3,3,0,No
EMP00245,38,Sales,Senior,8019.36,3,5.0,5,Travel_Rarely,No,2.0,3,3,1,0,Yes
EMP00104,38,R&D,Junior,5658.16,2,1.0,3,Non-Travel,Yes,3.0,2,3,3,0,No
EMP00277,36,R&D,Junior,7229.04,8,24.0,5,Travel_Frequently,No,2.0,3,3,2,0,No
EMP00394,25,Engineering,Senior,6851.34,5,6.0,3,Travel_Rarely,Yes,3.0,4,2,0,1,No
EMP00111,33,R&D,Junior,6538.24,4,6.0,3,Travel_Rarely,No,4.0,4,2,1,0,No
EMP00589,38,Engineering,Junior,5759.49,11,9.0,3,Travel_Frequently,No,2.0,4,4,2,1,No
EMP00160,30,Sales,Senior,7404.54,1,1.0,4,Travel_Rarely,Yes,3.0,2,3,1,0,No
EMP00971,54,Engineering,Junior,5976.58,2,1.0,3,Travel_Rarely,No,2.0,4,3,1,0,No
EMP00748,27,Sales,Junior,5978.1,6,1.0,2,Travel_Rarely,Yes,2.0,2,3,4,0,Yes
EMP01175,25,HR,Junior,4163.16,2,2.0,2,Travel_Rarely,Yes,3.0,2,3,1,1,Yes
EMP01459,20,Sales,Senior,7649.06,0,5.0,3,Travel_Rarely,No,2.0,3,2,3,0,No
EMP00661,30,Sales,Junior,5023.75,10,9.0,3,Travel_Rarely,No,1.0,3,2,1,1,No
EMP01157,26,Engineering,Junior,4609.96,1,1.0,4,Travel_Frequently,Yes,1.0,3,3,0,0,Yes
EMP00340,25,R&D,Junior,5101.77,5,1.0,4,Travel_Rarely,No,2.0,3,3,3,0,No
EMP00330,39,R&D,Senior,6841.26,1,7.0,4,Travel_Frequently,Yes,4.0,3,1,3,0,Yes
EMP00134,41,Sales,Junior,5584.78,5,30.0,4,Travel_Rarely,No,4.0,3,3,2,0,No
EMP00638,30,R&D,Manager,11097.01,6,11.0,3,Travel_Rarely,No,2.0,2,3,0,1,No
EMP00168,40,Marketing,Manager,9723.15,7,6.0,2,Non-Travel,Yes,3.0,2,3,2,1,No
EMP01393,36,HR,Intern,4040.58,2,2.0,5,Travel_Frequently,No,2.0,3,2,2,0,No
EMP00928,46,R&D,Manager,10134.33,2,4.0,3,Travel_Rarely,Yes,3.0,2,3,0,1,No
EMP00861,40,Engineering,Manager,10045.35,6,5.0,2,Travel_Frequently,No,2.0,3,4,0,0,No
EMP01021,20,HR,Executive,15075.69,0,2.0,1,Travel_Frequently,No,3.0,3,2,2,1,No
EMP01478,35,Marketing,Senior,8850.13,11,4.0,5,Travel_Rarely,Yes,2.0,3,2,2,0,Yes
EMP00025,40,Marketing,Junior,4676.85,5,2.0,3,Travel_Frequently,Yes,3.0,2,4,5,0,No
EMP00807,34,Engineering,Manager,11484.32,9,1.0,5,Travel_Rarely,No,4.0,3,3,0,1,No
EMP01409,36,Sales,Junior,4810.35,2,8.0,3,Travel_Rarely,No,4.0,4,3,0,0,No
EMP00444,38,HR,Executive,15960.34,9,5.0,2,Travel_Frequently,No,3.0,3,4,3,0,No
EMP00151,31,Sales,Manager,10831.92,6,21.0,4,Travel_Rarely,No,3.0,2,2,0,0,No
EMP01305,43,Marketing,Manager,10197.68,1,9.0,3,Non-Travel,No,4.0,3,3,5,0,No
EMP00095,32,R&D,Junior,5719.91,4,5.0,3,Travel_Rarely,No,3.0,2,4,3,0,No
EMP01489,38,Sales,Intern,4836.58,10,1.0,4,Travel_Rarely,No,3.0,2,4,0,0,No
EMP00218,41,Engineering,Junior,5312.54,10,1.0,2,Travel_Rarely,Yes,2.0,2,3,0,0,Yes
EMP00382,29,R&D,Senior,6727.19,1,2.0,3,Non-Travel,No,4.0,2,1,2,0,No
EMP01048,39,HR,Manager,11371.02,5,1.0,4,Travel_Frequently,No,2.0,3,3,4,0,No
EMP00781,34,Engineering,Senior,6973.18,2,8.0,3,Travel_Frequently,No,4.0,1,3,4,1,Yes
EMP00901,30,Engineering,Senior,8041.9,10,6.0,3,Travel_Rarely,No,3.0,3,4,0,0,No
EMP01432,36,Engineering,Junior,5898.65,4,6.0,5,Non-Travel,No,2.0,2,4,1,0,No
EMP00865,31,HR,Junior,3740.76,0,2.0,3,Travel_Frequently,No,3.0,4,3,1,1,Yes
EMP00293,32,Sales,Senior,7498.61,2,6.0,5,Travel_Rarely,No,4.0,3,3,2,1,No
EMP00713,38,Sales,Senior,5882.52,1,16.0,2,Travel_Frequently,No,4.0,3,3,2,0,No
EMP00101,35,Sales,Senior,6762.49,1,3.0,3,Travel_Frequently,Yes,2.0,2,2,2,0,Yes
EMP01050,33,Sales,Manager,8833.58,0,5.0,5,Travel_Frequently,No,3.0,4,4,2,1,No
EMP00784,20,R&D,Junior,3857.0,0,4.0,3,Non-Travel,No,3.0,3,4,2,0,Yes
EMP01202,47,Engineering,Senior,7126.56,1,2.0,4,Non-Travel,Yes,2.0,3,3,5,0,Yes
EMP00490,22,HR,Senior,6988.23,2,1.0,3,Travel_Rarely,Yes,2.0,2,3,4,0,No
EMP00701,27,Sales,Manager,11056.25,2,7.0,3,Non-Travel,No,3.0,3,3,1,1,No
EMP01151,48,R&D,Junior,4503.75,2,2.0,4,Non-Travel,Yes,3.0,2,2,0,0,No
EMP00751,26,Sales,Manager,10899.51,2,18.0,4,Travel_Rarely,No,4.0,3,3,1,0,No
EMP00963,43,Engineering,Junior,4631.43,2,5.0,4,Travel_Rarely,Yes,3.0,3,3,1,1,No
EMP01013,30,Marketing,Junior,6150.9,10,12.0,4,Travel_Frequently,No,2.0,3,3,2,0,Yes
EMP00243,39,Marketing,Junior,3880.05,1,8.0,2,Travel_Rarely,No,2.0,3,4,0,1,No
EMP00169,48,Sales,Junior,5364.54,8,3.0,4,Travel_Rarely,No,3.0,3,2,1,0,No
EMP00074,40,R&D,Junior,7284.87,19,21.0,2,Travel_Rarely,Yes,3.0,2,4,1,0,No
EMP00560,59,Sales,Junior,5237.27,7,22.0,2,Travel_Rarely,No,3.0,4,3,0,1,No
EMP01365,45,Sales,Senior,6255.08,2,18.0,2,Travel_Rarely,No,3.0,4,3,0,0,Yes
EMP01491,20,R&D,Manager,9697.47,0,10.0,2,Non-Travel,No,2.0,3,4,3,1,No
EMP01266,21,Engineering,Senior,7033.53,1,5.0,3,Travel_Frequently,No,4.0,2,3,2,0,No
EMP00119,23,Engineering,Junior,5263.77,3,1.0,4,Travel_Rarely,No,3.0,3,3,1,1,No
EMP00521,20,Engineering,Manager,8803.02,0,10.0,3,Travel_Rarely,Yes,2.0,4,3,5,0,No
EMP00714,39,Marketing,Senior,6744.46,3,1.0,4,Travel_Rarely,Yes,2.0,2,4,1,0,No
EMP00993,28,Engineering,Junior,5486.24,1,8.0,4,Travel_Rarely,No,3.0,3,4,2,0,No
EMP00006,38,HR,Senior,7514.76,1,1.0,4,Travel_Rarely,Yes,2.0,2,3,5,0,Yes
EMP00255,31,Sales,Manager,9878.42,2,5.0,4,Travel_Frequently,No,3.0,3,4,1,0,No
EMP01094,48,HR,Junior,7988.79,19,17.0,4,Travel_Rarely,No,3.0,2,3,3,1,No
EMP01039,48,Sales,Manager,8748.71,3,3.0,2,Travel_Rarely,No,2.0,1,4,3,1,Yes
EMP00384,36,Marketing,Junior,5423.09,2,5.0,3,Non-Travel,No,4.0,4,4,2,0,Yes
EMP01103,32,Sales,Senior,8237.56,5,2.0,3,Travel_Rarely,Yes,2.0,2,1,2,1,Yes
EMP00517,24,Marketing,Senior,6766.96,4,17.0,2,Travel_Rarely,No,2.0,3,4,1,0,No
EMP00055,46,R&D,Senior,6951.9,3,9.0,3,Travel_Rarely,No,2.0,4,4,2,0,No
EMP00468,20,R&D,Manager,10389.23,0,8.0,5,Travel_Rarely,No,2.0,3,3,0,1,Yes
EMP00267,31,Marketing,Junior,3937.13,5,2.0,1,Travel_Rarely,No,3.0,2,3,0,1,Yes
EMP01034,32,Sales,Junior,3942.96,2,6.0,2,Non-Travel,Yes,2.0,3,2,4,0,No
EMP00584,20,R&D,Senior,6347.39,0,1.0,3,Travel_Rarely,No,3.0,4,3,2,0,No
EMP00767,20,Marketing,Manager,9431.51,0,6.0,2,Travel_Rarely,No,3.0,2,3,2,0,No
EMP00538,36,Engineering,Senior,7573.01,5,11.0,3,Non-Travel,Yes,3.0,1,2,1,0,Yes
EMP01437,41,Engineering,Junior,4742.26,1,4.0,3,Travel_Rarely,No,3.0,4,4,2,1,Yes
EMP00060,33,Engineering,Manager,10059.64,2,1.0,3,Travel_Rarely,No,2.0,3,2,4,0,Yes
EMP01417,34,Sales,Senior,7263.36,1,6.0,5,Non-Travel,No,4.0,3,3,4,0,Yes
EMP00167,51,Engineering,Senior,7655.58,1,4.0,4,Travel_Frequently,No,4.0,3,4,0,0,Yes
EMP01261,38,HR,Junior,3853.67,2,2.0,2,Travel_Frequently,No,3.0,3,1,0,1,No
EMP00816,24,Sales,Manager,,4,28.0,2,Travel_Rarely,Yes,3.0,2,4,0,1,Yes
EMP00332,45,HR,Junior,4014.21,2,1.0,3,Travel_Frequently,No,3.0,3,2,2,0,No
EMP00248,29,Engineering,Manager,9119.99,2,9.0,1,Travel_Rarely,No,4.0,2,4,2,0,No
EMP00374,33,Sales,Junior,6590.38,13,1.0,3,Travel_Rarely,No,4.0,2,3,1,1,No
EMP01200,43,Engineering,Executive,15878.51,2,7.0,4,Travel_Rarely,No,3.0,2,4,2,0,No
EMP00500,36,R&D,Junior,5298.08,4,4.0,5,Travel_Rarely,No,3.0,3,3,5,1,No
EMP01203,40,R&D,Junior,3829.54,1,15.0,1,Travel_Rarely,Yes,2.0,3,4,3,0,Yes
EMP01178,54,Marketing,Junior,7001.8,17,15.0,3,Non-Travel,No,4.0,4,2,3,1,No
EMP00637,21,Sales,Junior,3199.34,0,1.0,2,Travel_Rarely,No,2.0,3,3,0,0,No
EMP00617,30,Sales,Junior,3161.15,1,2.0,3,Travel_Rarely,No,4.0,3,3,3,0,No
EMP01366,31,Marketing,Junior,7024.73,9,9.0,5,Travel_Rarely,No,4.0,1,2,0,1,No
EMP01188,45,R&D,Manager,12230.58,8,10.0,3,Travel_Rarely,No,3.0,2,3,3,0,No
EMP00567,44,R&D,Senior,6746.21,5,9.0,2,Travel_Rarely,No,2.0,3,4,2,0,No
EMP00235,46,Engineering,Intern,5322.81,10,2.0,4,Travel_Rarely,No,3.0,2,3,1,1,No
EMP00627,48,Engineering,Senior,8237.65,9,7.0,2,Travel_Rarely,No,4.0,3,3,2,0,Yes
EMP00431,43,R&D,Senior,7293.67,7,4.0,4,Travel_Rarely,No,3.0,2,2,3,0,Yes
EMP01011,36,Engineering,Senior,7215.79,2,9.0,3,Travel_Rarely,No,3.0,3,3,0,1,Yes
EMP01360,39,R&D,Senior,6173.16,0,21.0,2,Travel_Frequently,No,3.0,3,2,1,0,Yes
EMP00192,43,R&D,Junior,5458.41,6,2.0,5,Travel_Rarely,No,4.0,4,3,2,1,No
EMP01184,36,Engineering,Intern,2914.0,4,20.0,2,Travel_Rarely,No,3.0,4,3,1,0,No
EMP01176,32,Sales,Senior,8630.31,7,4.0,4,Travel_Rarely,Yes,3.0,2,3,2,0,No
EMP00436,47,Marketing,Junior,4965.54,2,3.0,3,Travel_Rarely,No,4.0,3,4,2,0,Yes
EMP00837,47,R&D,Junior,4905.0,4,3.0,4,Travel_Rarely,Yes,3.0,2,3,4,0,No
EMP01251,32,Sales,Senior,9186.55,8,2.0,4,Travel_Rarely,No,2.0,2,1,4,0,No
EMP01017,33,Marketing,Senior,7722.66,13,22.0,1,Travel_Rarely,No,4.0,2,3,3,0,No
EMP00185,45,Sales,Senior,7641.14,7,8.0,4,Travel_Rarely,Yes,3.0,2,4,2,0,Yes
EMP00688,46,Sales,Junior,3696.68,3,1.0,2,Travel_Rarely,No,4.0,2,2,1,1,No
EMP00639,33,R&D,Junior,3461.29,0,31.0,3,Travel_Rarely,Yes,4.0,2,4,1,0,No
EMP00570,50,Sales,Senior,6544.29,3,9.0,2,Travel_Rarely,Yes,1.0,4,3,1,1,Yes
EMP00934,33,Engineering,Junior,4718.86,4,2.0,4,Travel_Rarely,Yes,3.0,3,3,2,0,No
EMP01170,23,HR,Senior,6777.9,3,11.0,2,Travel_Frequently,Yes,3.0,4,4,1,0,Yes
EMP00534,30,HR,Executive,15242.52,2,7.0,2,Travel_Rarely,No,2.0,4,2,1,0,No
EMP00506,47,Marketing,Senior,6729.63,4,1.0,3,Travel_Rarely,Yes,2.0,2,4,2,0,No
EMP01230,39,R&D,Junior,5383.51,2,2.0,5,Travel_Frequently,No,2.0,2,3,2,0,No
EMP00743,27,Marketing,Junior,4725.9,4,20.0,4,Travel_Rarely,Yes,2.0,2,3,2,1,No
EMP00197,45,Marketing,Senior,8007.99,5,5.0,4,Non-Travel,No,4.0,3,3,1,0,No
EMP00477,35,Sales,Junior,3857.15,3,36.0,2,Travel_Rarely,Yes,1.0,1,1,3,1,Yes
EMP00496,33,Marketing,Senior,6638.58,6,1.0,2,Travel_Rarely,No,3.0,3,3,3,0,No
EMP00592,29,HR,Senior,5302.42,0,3.0,3,Travel_Rarely,No,3.0,3,3,2,1,No
EMP00937,32,Engineering,Manager,10242.86,0,6.0,5,Travel_Rarely,No,3.0,3,3,1,0,No
EMP01042,41,Engineering,Manager,11149.76,3,10.0,4,Travel_Rarely,Yes,3.0,2,3,1,1,No
EMP00980,32,Engineering,Manager,9689.21,4,2.0,4,Travel_Rarely,Yes,2.0,3,3,2,1,No
EMP00381,53,Engineering,Intern,3089.81,4,1.0,2,Non-Travel,No,3.0,3,4,3,1,No
EMP00028,26,Engineering,Senior,7409.12,1,6.0,5,Travel_Rarely,Yes,4.0,3,3,4,0,Yes
EMP00396,40,Marketing,Senior,6281.01,2,11.0,3,Travel_Rarely,No,4.0,3,2,3,0,No
EMP00321,35,Sales,Senior,7219.68,1,6.0,4,Travel_Rarely,No,3.0,3,3,3,1,No
EMP00148,29,R&D,Manager,9668.92,3,13.0,5,Non-Travel,No,4.0,3,2,1,1,Yes
EMP00798,52,Marketing,Junior,6135.3,7,2.0,2,Travel_Frequently,No,3.0,1,4,1,1,No
EMP00624,28,Sales,Senior,8205.58,8,3.0,4,Non-Travel,No,3.0,4,3,2,1,No
EMP00239,27,Engineering,Manager,10607.75,0,15.0,5,Travel_Rarely,No,3.0,3,3,2,1,No
EMP01010,20,R&D,Junior,5773.87,0,3.0,5,Travel_Rarely,No,2.0,3,2,2,1,No
EMP00911,20,HR,Junior,3008.17,0,3.0,2,Travel_Rarely,No,2.0,2,4,3,0,No
EMP00896,36,Engineering,Junior,4595.75,0,4.0,4,Travel_Rarely,Yes,4.0,2,3,1,0,No
EMP01331,30,Marketing,Senior,8793.86,8,1.0,4,Travel_Rarely,No,2.0,4,3,0,1,No
EMP00107,23,Engineering,Executive,15269.21,0,2.0,4,Travel_Rarely,No,4.0,4,4,5,1,No
EMP00351,41,Engineering,Junior,4468.89,3,11.0,4,Travel_Rarely,No,4.0,4,4,1,1,Yes
EMP00651,38,R&D,Senior,7210.95,5,4.0,3,Travel_Rarely,No,3.0,2,3,1,0,Yes
EMP00390,30,Engineering,Junior,6818.19,10,1.0,4,Travel_Rarely,No,4.0,4,3,2,1,No
EMP01005,44,R&D,Senior,7815.54,5,15.0,4,Travel_Rarely,No,3.0,3,3,2,0,No
EMP01118,32,Engineering,Junior,4938.49,8,5.0,2,Travel_Frequently,No,3.0,2,3,2,0,No
EMP00555,38,Marketing,Junior,5201.83,7,33.0,2,Non-Travel,Yes,1.0,2,2,1,1,Yes
EMP01435,34,Sales,Executive,15693.75,4,3.0,3,Travel_Rarely,No,4.0,3,3,2,1,No
EMP00171,47,R&D,Senior,7650.31,2,4.0,4,Travel_Rarely,No,2.0,3,3,1,0,No
EMP01249,37,Engineering,Junior,5147.47,6,6.0,2,Travel_Frequently,Yes,2.0,2,3,2,0,No
EMP00307,34,HR,Junior,4030.42,0,3.0,4,Non-Travel,Yes,2.0,1,3,2,0,No
EMP00416,25,Sales,Junior,5915.0,4,5.0,3,Non-Travel,Yes,1.0,1,3,1,0,No
EMP01481,37,Engineering,Senior,7328.94,3,15.0,3,Travel_Frequently,No,4.0,2,4,2,1,No
EMP01292,35,Marketing,Manager,10497.06,2,3.0,4,Travel_Rarely,No,3.0,2,3,5,0,No
EMP00429,46,R&D,Senior,8269.37,5,13.0,3,Travel_Rarely,No,2.0,3,3,2,0,Yes
EMP00187,39,R&D,Executive,15202.08,4,11.0,4,Travel_Frequently,No,4.0,2,3,1,0,No
EMP01006,38,R&D,Junior,5611.29,6,1.0,4,Travel_Rarely,No,3.0,1,4,2,0,No
EMP00909,39,Sales,Junior,5216.9,2,7.0,3,Travel_Rarely,Yes,4.0,1,2,1,1,No
EMP00270,24,Engineering,Junior,4242.72,4,1.0,4,Travel_Frequently,Yes,2.0,2,3,0,1,Yes
EMP00868,42,Marketing,Junior,4854.83,1,5.0,4,Travel_Frequently,No,3.0,4,2,0,0,No
EMP00631,47,Sales,Intern,3165.41,2,21.0,3,Travel_Frequently,No,1.0,3,2,4,1,Yes
EMP00951,22,Sales,Junior,4487.84,2,6.0,4,Travel_Rarely,Yes,3.0,3,4,4,0,No
EMP00163,41,Marketing,Manager,11419.58,4,3.0,3,Travel_Frequently,No,2.0,4,3,2,0,No
EMP00414,47,Marketing,Senior,7674.52,5,1.0,1,Travel_Rarely,No,4.0,2,4,3,0,No
EMP01340,40,R&D,Junior,6115.78,3,2.0,4,Travel_Rarely,Yes,2.0,1,3,4,0,Yes
EMP00096,45,R&D,Senior,7303.4,2,2.0,5,Travel_Rarely,Yes,4.0,1,3,3,0,Yes
EMP00099,40,Sales,Intern,2991.28,0,14.0,4,Travel_Frequently,No,3.0,3,4,2,0,No
EMP01031,27,Sales,Intern,4053.56,1,1.0,2,Travel_Rarely,No,4.0,3,2,3,1,No
EMP00877,51,Engineering,Senior,5178.98,1,3.0,1,Travel_Rarely,No,4.0,4,2,5,0,No
EMP00818,40,Engineering,Junior,4022.18,4,1.0,2,Travel_Rarely,No,3.0,4,4,3,0,Yes
EMP00823,33,Sales,Executive,15992.87,5,5.0,5,Travel_Rarely,No,3.0,3,4,1,0,No
EMP00208,20,Engineering,Manager,9968.85,0,11.0,3,Travel_Rarely,No,3.0,3,3,5,1,No
EMP00975,42,Sales,Intern,4949.42,6,5.0,4,Travel_Frequently,No,3.0,1,3,3,0,No
EMP00687,41,Sales,Senior,8325.31,1,8.0,5,Travel_Rarely,No,4.0,3,2,1,1,No
EMP00873,49,Marketing,Senior,6812.34,5,14.0,2,Travel_Rarely,Yes,1.0,3,3,1,0,No
EMP00246,29,Engineering,Junior,4531.48,2,6.0,3,Travel_Rarely,Yes,2.0,1,3,1,1,No
EMP00230,44,Engineering,Senior,7190.02,1,8.0,3,Travel_Rarely,No,3.0,3,1,3,0,Yes
EMP00907,37,Engineering,Junior,5906.47,4,1.0,4,Travel_Frequently,No,3.0,2,3,4,1,No
EMP00009,35,R&D,Senior,7772.88,1,6.0,4,Travel_Rarely,No,3.0,4,4,1,0,No
EMP00897,47,Marketing,Senior,6462.93,1,2.0,3,Travel_Rarely,Yes,3.0,2,2,3,0,Yes
EMP01414,28,R&D,Senior,8968.04,5,4.0,4,Travel_Frequently,No,3.0,1,3,3,0,No
EMP01398,40,HR,Senior,8032.43,11,2.0,3,Travel_Rarely,Yes,3.0,3,3,2,0,Yes
EMP01443,31,Engineering,Senior,8159.92,6,1.0,3,Travel_Rarely,No,3.0,2,3,2,0,No
EMP00866,31,Sales,Senior,7934.11,4,1.0,3,Non-Travel,No,2.0,3,1,1,0,Yes
EMP01298,34,R&D,Junior,3282.85,2,36.0,3,Travel_Rarely,No,4.0,3,3,1,0,No
EMP00792,33,Marketing,Intern,2314.06,2,17.0,3,Travel_Frequently,No,3.0,3,4,1,0,No
EMP01023,29,Marketing,Senior,8452.3,4,7.0,2,Non-Travel,No,4.0,3,4,0,1,No
EMP00190,39,Engineering,Manager,10456.64,2,6.0,5,Travel_Rarely,No,3.0,4,4,3,0,No
EMP00261,30,Marketing,Manager,9623.28,1,13.0,2,Non-Travel,Yes,2.0,1,3,1,0,Yes
EMP00145,44,Engineering,Intern,4262.01,6,1.0,3,Travel_Rarely,Yes,4.0,2,3,3,1,Yes
EMP00829,38,Marketing,Junior,5305.27,4,8.0,5,Travel_Rarely,Yes,2.0,3,2,2,1,No
EMP00699,32,R&D,Intern,3182.86,4,7.0,2,Non-Travel,No,4.0,3,2,1,1,No
EMP00920,34,Marketing,Junior,,3,,4,Travel_Rarely,No,,4,2,0,0,No
EMP01406,23,Engineering,Junior,3853.07,3,1.0,3,Non-Travel,No,2.0,4,3,4,0,No
EMP00938,39,Engineering,Senior,7865.31,3,3.0,3,Travel_Rarely,Yes,3.0,2,2,1,1,Yes
EMP01036,44,Sales,Senior,6516.67,5,3.0,1,Travel_Rarely,No,4.0,4,4,3,0,No
EMP01373,38,HR,Junior,4142.84,1,9.0,3,Non-Travel,No,2.0,4,4,3,1,No
EMP00891,36,Sales,Junior,5390.18,2,11.0,4,Travel_Rarely,Yes,3.0,2,3,1,0,Yes
EMP00595,30,Engineering,Senior,8098.2,7,2.0,3,Travel_Frequently,No,2.0,3,3,2,0,Yes
EMP00532,30,Sales,Intern,2200.0,0,11.0,1,Travel_Frequently,No,2.0,2,3,4,0,No
EMP00895,24,Sales,Junior,4822.52,1,1.0,3,Travel_Frequently,Yes,4.0,3,4,2,0,Yes
EMP01486,36,HR,Executive,15382.11,5,31.0,3,Travel_Rarely,No,2.0,4,2,1,0,No
EMP01152,46,Marketing,Junior,,1,,3,Travel_Rarely,No,,4,1,2,1,No
EMP00058,41,Engineering,Senior,7167.42,8,3.0,3,Travel_Rarely,No,4.0,3,2,1,0,No
EMP01058,44,Sales,Executive,15123.62,2,5.0,4,Travel_Frequently,No,3.0,2,3,4,0,No
EMP01262,20,Sales,Senior,7173.22,0,2.0,4,Travel_Rarely,No,2.0,2,3,1,0,No
EMP00283,27,HR,Junior,4487.7,0,4.0,4,Travel_Rarely,No,4.0,4,4,0,0,No
EMP00935,27,Sales,Senior,7782.61,7,6.0,3,Travel_Rarely,No,3.0,3,3,1,0,No
EMP00363,48,Engineering,Intern,4699.67,5,9.0,4,Travel_Rarely,No,4.0,3,4,2,1,No
EMP00244,41,Engineering,Senior,8251.69,8,30.0,3,Travel_Rarely,Yes,3.0,3,3,0,1,No
EMP00093,30,Sales,Senior,7470.54,0,1.0,4,Travel_Frequently,No,1.0,3,2,2,0,No
EMP01235,26,Engineering,Junior,6489.97,6,9.0,5,Travel_Frequently,No,3.0,2,1,3,0,No
EMP00338,43,Engineering,Junior,6016.11,9,14.0,3,Travel_Rarely,Yes,3.0,3,3,1,0,Yes
EMP01014,41,HR,Junior,5667.34,6,6.0,3,Travel_Frequently,No,3.0,3,2,3,0,No
EMP00948,20,R&D,Junior,4320.13,0,5.0,4,Travel_Frequently,No,3.0,2,4,0,0,Yes
EMP01110,39,Sales,Senior,6323.75,1,5.0,2,Travel_Rarely,Yes,2.0,1,3,4,0,Yes
EMP00191,37,Sales,Senior,7271.37,5,1.0,4,Travel_Rarely,No,2.0,3,3,3,0,Yes
EMP00040,33,R&D,Manager,10703.93,5,4.0,4,Travel_Rarely,No,2.0,3,3,2,0,No
EMP00976,33,Sales,Manager,10897.27,8,2.0,2,Travel_Frequently,No,4.0,2,3,4,0,No
EMP00635,32,Marketing,Manager,9939.29,0,2.0,3,Travel_Rarely,No,4.0,2,3,1,0,No
EMP00765,48,Marketing,Intern,3056.49,2,4.0,3,Travel_Rarely,No,3.0,3,4,3,0,No
EMP00724,43,HR,Manager,9894.2,8,5.0,2,Travel_Rarely,No,4.0,3,3,4,0,No
EMP01129,48,Sales,Executive,16020.62,2,2.0,2,Travel_Rarely,Yes,1.0,2,3,1,0,No
EMP00064,34,R&D,Senior,6397.34,1,20.0,4,Travel_Rarely,No,3.0,3,1,1,0,No
EMP00234,33,Sales,Senior,6463.1,1,1.0,4,Travel_Rarely,No,3.0,2,3,3,0,No
EMP00677,26,R&D,Junior,6497.94,4,6.0,5,Travel_Rarely,No,4.0,3,3,4,0,No
EMP00106,42,Engineering,Manager,11144.68,3,3.0,4,Travel_Frequently,Yes,3.0,3,3,2,0,No
EMP00754,20,R&D,Senior,5787.86,0,6.0,1,Travel_Rarely,No,3.0,4,3,0,0,No
EMP00903,32,Engineering,Senior,5374.89,0,22.0,2,Travel_Rarely,Yes,2.0,1,3,3,1,Yes
EMP00254,44,R&D,Senior,7283.42,2,3.0,4,Non-Travel,Yes,3.0,2,1,3,1,Yes
EMP00423,38,Marketing,Senior,7902.11,11,12.0,2,Travel_Rarely,No,2.0,3,4,0,1,No
EMP00775,45,Sales,Senior,6499.51,3,3.0,3,Travel_Rarely,No,3.0,3,3,4,0,No
EMP01233,37,Sales,Junior,4344.73,3,23.0,3,Non-Travel,Yes,1.0,2,4,1,0,No
EMP00859,58,Sales,Senior,6444.84,1,1.0,1,Travel_Rarely,No,3.0,4,3,1,1,Yes
EMP00925,29,R&D,Junior,5137.83,3,3.0,3,Travel_Rarely,No,3.0,4,2,2,0,No
EMP00080,30,R&D,Junior,5492.13,6,5.0,3,Travel_Rarely,No,3.0,3,3,3,0,No
EMP00990,41,R&D,Senior,8678.93,9,1.0,5,Travel_Frequently,No,3.0,2,4,2,1,Yes
EMP01107,29,Sales,Junior,5461.09,0,11.0,5,Travel_Frequently,Yes,1.0,2,3,3,0,Yes
EMP00498,38,R&D,Intern,2200.0,1,5.0,2,Travel_Rarely,No,2.0,3,2,6,1,Yes
EMP01458,46,Marketing,Senior,,2,,4,Travel_Rarely,No,,3,3,4,0,No
EMP00088,38,Engineering,Manager,9443.65,1,16.0,2,Travel_Frequently,No,2.0,3,2,1,1,No
EMP00065,33,HR,Senior,8335.34,6,26.0,4,Travel_Frequently,Yes,4.0,1,3,1,0,No
EMP01295,39,Sales,Senior,6835.24,3,1.0,3,Non-Travel,No,3.0,4,3,1,0,No
EMP00606,44,Sales,Senior,6543.06,5,1.0,3,Travel_Rarely,No,3.0,2,3,2,0,No
EMP00275,42,R&D,Junior,4026.03,1,11.0,3,Non-Travel,No,3.0,3,3,1,0,No
EMP00752,44,HR,Executive,15086.36,3,1.0,3,Travel_Frequently,No,4.0,2,3,6,0,No
EMP01358,32,Sales,Junior,5902.27,4,3.0,4,Travel_Rarely,No,2.0,3,3,3,0,No
EMP01440,30,Sales,Senior,6717.01,4,8.0,3,Travel_Rarely,Yes,3.0,4,4,1,0,No
EMP00154,30,R&D,Senior,7848.65,2,1.0,2,Travel_Rarely,Yes,2.0,1,2,2,0,Yes
EMP00614,24,HR,Manager,10563.93,4,1.0,3,Travel_Rarely,No,2.0,2,3,1,0,No
EMP00411,46,HR,Senior,7533.08,2,2.0,4,Travel_Rarely,No,3.0,2,3,2,0,Yes
EMP00831,31,R&D,Senior,6691.5,1,22.0,5,Travel_Frequently,Yes,3.0,4,3,4,0,No
EMP00913,28,Engineering,Senior,6702.41,0,12.0,3,Travel_Rarely,No,3.0,2,3,0,0,Yes
EMP00518,55,Marketing,Senior,7766.51,8,7.0,2,Travel_Rarely,Yes,2.0,2,3,1,0,No
EMP00045,24,R&D,Executive,14357.94,4,14.0,3,Non-Travel,No,4.0,4,3,2,0,Yes
EMP00391,27,HR,Junior,5570.74,3,9.0,3,Travel_Frequently,Yes,3.0,1,3,2,0,No
EMP00221,38,R&D,Junior,3166.75,3,6.0,1,Travel_Rarely,No,3.0,4,2,2,0,Yes
EMP00141,39,HR,Junior,4924.36,6,3.0,3,Travel_Frequently,Yes,2.0,1,3,2,0,Yes
EMP00358,60,Sales,Manager,9855.7,4,2.0,2,Travel_Frequently,No,3.0,2,2,4,1,No
EMP00723,32,Sales,Senior,9620.22,12,9.0,3,Travel_Rarely,No,4.0,3,4,4,0,No
EMP01158,20,Marketing,Intern,2200.0,0,1.0,2,Travel_Rarely,No,3.0,3,3,4,0,No
EMP00262,40,Sales,Manager,8692.33,4,40.0,1,Travel_Rarely,No,3.0,2,3,1,1,No
EMP01303,27,R&D,Senior,8544.12,7,1.0,5,Travel_Rarely,Yes,3.0,3,3,2,0,Yes
EMP00899,34,R&D,Senior,6436.1,1,7.0,2,Travel_Frequently,No,3.0,3,3,4,1,Yes
EMP01104,37,R&D,Junior,4166.71,4,3.0,3,Non-Travel,No,3.0,1,3,3,0,No
EMP00196,36,HR,Junior,5332.13,9,1.0,2,Travel_Rarely,No,2.0,1,3,1,0,No
EMP00116,24,Marketing,Manager,10308.43,2,4.0,3,Travel_Frequently,Yes,2.0,2,4,1,0,No
EMP01076,42,HR,Junior,6375.97,12,5.0,3,Travel_Frequently,No,2.0,3,3,1,0,No
EMP01074,27,HR,Junior,4076.22,3,2.0,3,Travel_Rarely,No,2.0,2,3,0,1,No
EMP00719,31,R&D,Senior,7677.7,2,2.0,4,Travel_Rarely,Yes,1.0,4,3,2,0,No
EMP01468,27,Engineering,Junior,4681.89,3,14.0,3,Travel_Frequently,No,3.0,1,3,2,0,No
EMP01209,42,R&D,Senior,7834.17,4,1.0,3,Non-Travel,Yes,1.0,4,4,4,1,No
EMP01356,53,HR,Junior,4965.58,7,8.0,2,Travel_Rarely,Yes,3.0,2,3,5,0,Yes
EMP00359,23,Engineering,Senior,6431.33,0,7.0,1,Travel_Frequently,No,2.0,3,4,2,0,No
EMP01061,36,R&D,Junior,5196.47,8,19.0,3,Travel_Rarely,Yes,1.0,2,4,3,0,No
EMP01020,55,R&D,Intern,3235.33,2,1.0,3,Travel_Rarely,Yes,1.0,3,3,2,1,Yes
EMP01001,23,Sales,Junior,4275.7,1,8.0,2,Travel_Frequently,Yes,2.0,1,3,5,0,No
EMP00936,35,Sales,Senior,8062.53,5,2.0,3,Travel_Rarely,Yes,2.0,2,3,3,1,No
EMP00755,23,HR,Intern,3548.94,3,4.0,3,Travel_Rarely,Yes,2.0,1,3,3,1,No
EMP00421,42,Engineering,Manager,11116.04,3,18.0,4,Non-Travel,No,3.0,2,4,2,0,No
EMP00150,34,Sales,Junior,5546.82,0,20.0,5,Travel_Frequently,No,2.0,3,1,3,0,No
EMP00010,37,R&D,Junior,4731.83,3,4.0,4,Travel_Rarely,No,4.0,3,4,3,1,No
EMP01070,30,Engineering,Senior,7534.56,7,10.0,3,Travel_Rarely,No,4.0,4,3,1,0,No
EMP01120,46,R&D,Intern,3943.78,7,6.0,3,Travel_Frequently,No,2.0,3,1,1,1,No
EMP01447,38,Engineering,Senior,7801.74,4,21.0,2,Travel_Rarely,Yes,2.0,2,4,2,1,No
EMP00535,37,Sales,Junior,2254.13,0,3.0,1,Travel_Rarely,Yes,3.0,2,3,6,0,No
EMP00549,32,Engineering,Intern,3623.93,12,31.0,3,Travel_Frequently,No,2.0,3,4,2,0,No
EMP00299,36,Sales,Manager,9116.1,3,1.0,2,Travel_Frequently,Yes,4.0,2,3,1,0,Yes
EMP00977,44,Sales,Senior,8241.63,3,4.0,4,Travel_Rarely,No,4.0,2,4,1,1,No
EMP01315,34,Engineering,Intern,3692.97,3,2.0,3,Travel_Rarely,No,3.0,2,2,5,0,No
EMP01338,32,R&D,Manager,10548.49,4,4.0,3,Travel_Rarely,No,2.0,3,2,5,1,No
EMP00123,20,Sales,Senior,5971.74,0,6.0,5,Travel_Rarely,Yes,2.0,3,4,4,1,No
EMP01395,35,Engineering,Junior,3909.9,1,1.0,3,Travel_Rarely,Yes,2.0,2,4,1,1,Yes
EMP01361,30,R&D,Junior,5114.19,8,29.0,2,Non-Travel,No,3.0,2,4,0,0,No
EMP01160,44,R&D,Senior,10328.27,11,4.0,4,Travel_Frequently,Yes,4.0,3,3,1,0,No
EMP01402,25,Sales,Junior,5509.47,2,3.0,3,Travel_Rarely,No,2.0,3,4,5,0,No
EMP00710,28,Sales,Senior,6405.23,2,1.0,2,Travel_Rarely,No,4.0,2,3,3,1,No
EMP01382,36,R&D,Junior,6952.72,16,7.0,3,Travel_Rarely,Yes,4.0,3,3,1,0,No
EMP00770,30,R&D,Manager,9461.47,1,4.0,2,Non-Travel,No,2.0,2,4,4,0,Yes
EMP00089,43,Marketing,Junior,6384.99,3,6.0,5,Travel_Rarely,No,3.0,3,4,3,1,No
EMP01449,26,Engineering,Junior,6263.7,6,2.0,3,Non-Travel,No,3.0,3,3,0,1,No
EMP01033,44,Engineering,Junior,4331.87,1,6.0,2,Non-Travel,No,4.0,3,3,4,0,No
EMP00098,32,Engineering,Junior,5584.62,12,2.0,2,Travel_Rarely,Yes,4.0,2,3,1,1,No
EMP01494,40,Marketing,Manager,11262.35,4,1.0,5,Travel_Rarely,No,3.0,3,4,1,0,No
EMP00349,41,HR,Executive,15695.89,3,7.0,5,Travel_Rarely,Yes,2.0,2,2,2,0,No
EMP00510,37,R&D,Junior,4596.92,1,2.0,4,Non-Travel,No,4.0,3,3,2,0,No
EMP00212,57,Marketing,Senior,8011.71,4,7.0,5,Travel_Rarely,No,2.0,2,3,1,0,Yes
EMP00704,33,HR,Junior,4308.11,2,27.0,3,Travel_Rarely,No,2.0,4,3,4,0,No
EMP00747,51,R&D,Junior,5188.06,5,14.0,3,Non-Travel,Yes,4.0,2,4,3,0,No
EMP01046,46,R&D,Junior,4788.97,3,3.0,3,Travel_Frequently,No,2.0,4,3,2,0,No
EMP00940,38,Sales,Senior,7992.2,8,3.0,2,Travel_Rarely,No,3.0,2,3,2,0,No
EMP01457,45,Engineering,Junior,6395.4,12,1.0,2,Travel_Rarely,No,4.0,3,3,3,0,No
EMP00412,36,Engineering,Junior,3983.0,0,28.0,2,Non-Travel,No,3.0,3,4,2,0,No
EMP01400,48,Sales,Senior,7054.49,4,1.0,3,Travel_Rarely,No,3.0,2,4,2,1,No
EMP00479,23,Sales,Senior,6869.03,2,4.0,3,Travel_Rarely,No,3.0,3,4,2,0,No
EMP00492,43,HR,Executive,14916.56,3,1.0,3,Travel_Rarely,Yes,2.0,3,3,4,1,Yes
EMP00842,26,R&D,Junior,5584.47,6,10.0,3,Travel_Frequently,No,4.0,2,3,1,0,No
EMP01071,20,Sales,Manager,9514.6,0,2.0,3,Travel_Rarely,Yes,2.0,3,4,0,0,No
EMP00365,42,Marketing,Manager,9464.38,1,14.0,2,Non-Travel,No,3.0,3,3,5,0,Yes
EMP00297,20,HR,Senior,5934.57,0,10.0,3,Travel_Rarely,No,2.0,3,4,4,0,No
EMP00050,45,Engineering,Manager,10858.72,6,10.0,1,Travel_Rarely,No,3.0,4,3,1,0,Yes
EMP00225,37,Marketing,Senior,8205.34,7,12.0,3,Non-Travel,No,3.0,3,2,1,0,No
EMP01244,41,Engineering,Senior,6428.74,1,8.0,3,Non-Travel,Yes,2.0,3,2,4,0,Yes
EMP01474,38,Sales,Manager,11321.19,6,1.0,3,Travel_Rarely,No,3.0,3,4,0,0,No
EMP00851,26,Sales,Senior,8486.62,5,1.0,5,Travel_Rarely,No,3.0,3,3,3,0,No
EMP00648,37,Engineering,Manager,10638.97,0,1.0,4,Travel_Rarely,No,1.0,3,3,1,1,No
EMP01226,41,Engineering,Senior,6283.58,4,3.0,2,Travel_Rarely,Yes,2.0,2,3,2,1,No
EMP00563,27,Sales,Manager,10655.08,0,4.0,3,Travel_Frequently,Yes,2.0,2,3,0,0,No
EMP00623,43,Engineering,Senior,5747.7,1,1.0,3,Non-Travel,Yes,3.0,4,2,2,0,Yes
EMP01412,32,Sales,Manager,9829.73,3,1.0,2,Travel_Rarely,No,2.0,2,3,3,1,No
EMP01088,32,R&D,Senior,7005.89,2,1.0,4,Travel_Rarely,Yes,3.0,1,4,4,0,No
EMP00805,30,Marketing,Executive,16668.38,4,3.0,5,Travel_Frequently,Yes,2.0,3,3,1,0,No
EMP00605,25,Engineering,Senior,6905.66,0,29.0,3,Travel_Frequently,No,3.0,2,3,3,0,No
EMP01270,30,Engineering,Senior,8961.43,10,4.0,3,Travel_Frequently,Yes,2.0,2,3,4,1,Yes
EMP00443,24,Sales,Senior,6461.1,4,1.0,1,Non-Travel,No,4.0,2,1,1,0,No
EMP01427,32,Engineering,Junior,5015.14,4,6.0,4,Travel_Rarely,Yes,3.0,3,2,1,0,No
EMP01025,29,Sales,Senior,8399.11,9,13.0,4,Travel_Rarely,Yes,3.0,3,4,0,0,No
EMP00540,44,Marketing,Senior,7598.51,1,19.0,4,Non-Travel,No,3.0,3,2,2,0,Yes
EMP00768,20,R&D,Junior,4069.1,0,15.0,4,Non-Travel,Yes,2.0,2,3,1,0,No
EMP00763,23,HR,Manager,9923.6,3,18.0,4,Non-Travel,No,4.0,3,3,2,0,No
EMP00869,51,R&D,Manager,10933.96,8,11.0,4,Travel_Rarely,No,3.0,3,3,3,1,No
EMP00690,33,HR,Senior,6818.28,1,18.0,3,Non-Travel,Yes,2.0,3,4,1,0,No
EMP00188,35,Sales,Manager,10906.95,4,4.0,4,Travel_Frequently,No,4.0,3,3,1,0,Yes
EMP00407,32,Marketing,Manager,10918.95,5,10.0,2,Travel_Frequently,No,3.0,1,3,3,1,No
EMP01012,43,Sales,Junior,5482.6,4,3.0,4,Travel_Rarely,No,1.0,2,3,0,0,No
EMP01173,20,Sales,Junior,4505.36,0,2.0,3,Travel_Rarely,No,4.0,3,3,0,0,No
EMP00752,44,HR,Executive,15086.36,3,1.0,3,Travel_Frequently,No,4.0,2,3,6,0,No
EMP01051,50,Marketing,Intern,5214.56,9,8.0,4,Travel_Rarely,No,1.0,2,2,1,0,No
EMP00462,32,R&D,Senior,7842.8,12,2.0,1,Travel_Frequently,No,3.0,2,4,4,0,No
EMP00671,36,Marketing,Junior,4142.97,1,1.0,2,Travel_Frequently,No,4.0,1,3,3,0,Yes
EMP00656,42,Sales,Manager,11689.49,5,21.0,5,Travel_Rarely,No,2.0,2,4,2,0,No
EMP00786,46,HR,Manager,11604.88,7,9.0,5,Travel_Rarely,No,3.0,4,1,0,0,No
EMP01084,45,Marketing,Senior,6546.27,1,2.0,2,Travel_Rarely,No,3.0,3,3,0,0,No
EMP00715,30,HR,Junior,5077.56,6,11.0,5,Travel_Rarely,No,4.0,2,3,1,0,Yes
EMP01351,38,Engineering,Manager,10540.48,2,5.0,3,Travel_Frequently,No,3.0,1,2,1,1,No
EMP00425,39,Marketing,Senior,7397.05,5,26.0,3,Travel_Frequently,Yes,2.0,1,1,0,0,Yes
EMP00044,32,R&D,Intern,4249.17,10,11.0,2,Travel_Rarely,No,3.0,3,2,1,0,Yes
EMP00662,28,Marketing,Junior,5106.73,8,2.0,3,Non-Travel,No,4.0,3,4,1,0,No
EMP00636,34,R&D,Junior,5310.05,2,13.0,4,Travel_Frequently,No,1.0,2,3,1,0,No
EMP00529,29,Marketing,Junior,4525.62,2,15.0,2,Travel_Frequently,No,4.0,3,3,3,1,No
EMP00988,20,Sales,Junior,3736.59,0,11.0,3,Travel_Rarely,No,3.0,2,2,4,0,No
EMP00219,31,Engineering,Executive,16158.79,3,38.0,3,Travel_Rarely,No,3.0,1,2,4,0,Yes
EMP00821,42,R&D,Senior,7363.87,2,10.0,3,Travel_Rarely,No,4.0,3,3,1,0,No
EMP00864,33,R&D,Senior,8089.27,7,3.0,2,Non-Travel,No,4.0,3,3,2,0,No
EMP01465,36,R&D,Senior,7042.27,1,9.0,4,Non-Travel,No,3.0,4,4,2,0,No
EMP00856,28,R&D,Manager,8825.59,0,1.0,3,Travel_Rarely,Yes,4.0,2,4,1,0,Yes
EMP00610,34,R&D,Senior,9737.94,14,1.0,5,Travel_Rarely,No,4.0,2,4,2,0,No
EMP00486,35,HR,Senior,6432.35,0,14.0,3,Travel_Frequently,No,4.0,2,3,1,0,No
EMP01150,38,Engineering,Senior,10119.07,16,3.0,3,Travel_Rarely,Yes,3.0,3,4,1,1,No
EMP01018,39,Sales,Senior,6236.75,2,5.0,3,Travel_Rarely,No,2.0,3,4,2,1,No
EMP01086,20,R&D,Senior,6604.34,0,3.0,3,Travel_Rarely,Yes,3.0,2,1,3,0,No
EMP00082,20,R&D,Senior,6415.15,0,6.0,2,Travel_Rarely,Yes,1.0,3,4,4,0,No
EMP00325,38,Sales,Junior,4205.68,4,3.0,3,Travel_Frequently,No,2.0,2,3,4,0,No
EMP01410,42,Marketing,Senior,6402.26,1,1.0,4,Non-Travel,No,2.0,3,3,1,0,No
EMP01081,27,R&D,Senior,9316.95,7,9.0,4,Travel_Rarely,No,3.0,3,4,2,0,No
EMP00020,41,Sales,Senior,7952.8,2,8.0,3,Travel_Rarely,No,2.0,3,4,2,0,No
EMP00455,31,Marketing,Senior,6652.32,0,11.0,4,Travel_Rarely,No,2.0,2,3,4,0,Yes
EMP01111,38,Sales,Junior,6311.23,5,16.0,4,Non-Travel,No,2.0,4,3,1,0,Yes
EMP00839,34,R&D,Junior,5068.08,1,1.0,3,Travel_Rarely,Yes,2.0,3,2,4,0,No
EMP00759,29,HR,Intern,3382.32,5,3.0,1,Travel_Rarely,No,3.0,3,3,4,0,No
EMP01341,34,Engineering,Senior,8193.55,9,6.0,4,Non-Travel,Yes,3.0,3,3,0,0,Yes
EMP00035,32,R&D,Senior,8232.61,6,30.0,4,Travel_Frequently,No,3.0,2,2,4,0,Yes
EMP00809,43,Engineering,Manager,9725.95,1,1.0,4,Non-Travel,No,1.0,3,3,3,1,No
EMP01163,41,R&D,Senior,6741.93,3,1.0,2,Travel_Frequently,No,1.0,2,3,2,1,Yes
EMP00905,46,Engineering,Senior,7636.09,5,30.0,5,Travel_Frequently,No,2.0,1,4,0,1,No
EMP00801,44,Sales,Senior,7618.07,1,1.0,3,Travel_Rarely,No,4.0,4,4,1,0,No
EMP00097,43,Engineering,Senior,9586.15,13,12.0,4,Travel_Frequently,No,3.0,3,3,3,0,No
EMP01108,40,Sales,Senior,8197.34,2,1.0,4,Travel_Rarely,No,3.0,3,3,1,0,No
EMP00447,28,Sales,Intern,4087.64,5,3.0,3,Travel_Rarely,No,4.0,2,2,2,0,No
EMP00475,32,Engineering,Senior,7642.95,10,16.0,4,Travel_Rarely,No,3.0,4,4,3,0,No
EMP00367,43,Sales,Intern,3534.08,1,1.0,3,Travel_Rarely,Yes,2.0,2,4,1,0,No
EMP01470,28,Engineering,Senior,7016.17,4,3.0,3,Travel_Rarely,No,3.0,2,2,0,0,No
EMP00761,27,Engineering,Manager,10336.04,0,6.0,4,Non-Travel,No,3.0,3,3,2,1,Yes
EMP00919,31,Sales,Manager,11489.46,11,1.0,4,Non-Travel,Yes,3.0,2,2,2,0,No
EMP01426,33,HR,Manager,10574.46,7,15.0,3,Travel_Rarely,Yes,2.0,2,3,0,0,No
EMP00760,41,Engineering,Senior,7306.9,3,6.0,3,Travel_Rarely,No,3.0,4,3,1,0,No
EMP00393,30,R&D,Junior,5888.48,2,3.0,4,Non-Travel,No,3.0,2,3,1,0,No
EMP01296,50,HR,Manager,11084.18,8,9.0,5,Travel_Rarely,Yes,3.0,2,2,2,1,No
EMP00507,39,Sales,Junior,5074.91,1,13.0,3,Travel_Rarely,No,4.0,2,2,2,1,No
EMP00435,37,R&D,Senior,6755.0,2,9.0,3,Travel_Rarely,Yes,3.0,2,3,8,0,Yes
EMP00649,36,Engineering,Junior,3154.2,0,4.0,2,Non-Travel,No,4.0,3,3,2,0,No
EMP00943,51,R&D,Senior,7002.4,5,11.0,4,Travel_Rarely,Yes,2.0,3,3,1,1,No
EMP01232,46,Engineering,Junior,3413.18,3,9.0,2,Non-Travel,No,4.0,4,3,6,0,No
EMP01344,48,Sales,Junior,5345.22,4,1.0,3,Travel_Rarely,No,3.0,4,3,4,0,No
EMP00908,20,HR,Intern,2200.0,0,1.0,3,Travel_Rarely,No,2.0,2,3,3,1,No
EMP00133,29,Marketing,Junior,4575.78,1,14.0,3,Travel_Rarely,No,4.0,3,4,2,0,No
EMP01075,39,R&D,Intern,3010.41,5,1.0,3,Travel_Rarely,No,1.0,3,4,4,0,Yes
EMP00973,34,Engineering,Senior,6449.96,0,23.0,2,Travel_Rarely,No,2.0,4,3,1,1,No
EMP01263,34,R&D,Junior,5048.0,1,16.0,4,Travel_Frequently,No,2.0,2,3,1,1,Yes
EMP00451,38,R&D,Senior,7063.94,2,10.0,3,Non-Travel,Yes,3.0,2,3,3,0,Yes
EMP00032,41,R&D,Manager,12749.81,9,3.0,4,Travel_Rarely,Yes,3.0,2,4,3,1,No
EMP00122,43,HR,Senior,6708.31,4,1.0,3,Non-Travel,No,3.0,2,3,1,1,No
EMP01236,36,Marketing,Junior,5187.65,1,3.0,5,Travel_Frequently,No,4.0,3,3,0,0,No
EMP01376,30,Marketing,Executive,16493.71,7,2.0,2,Travel_Rarely,No,2.0,2,3,2,0,No
EMP01479,46,Marketing,Intern,3492.19,1,4.0,4,Non-Travel,No,4.0,3,3,2,1,No
EMP01327,37,Sales,Junior,6153.75,12,1.0,4,Non-Travel,No,4.0,2,3,3,0,No
EMP01113,43,R&D,Manager,9799.64,8,8.0,2,Travel_Frequently,No,4.0,2,4,2,1,No
EMP01350,27,Sales,Junior,4993.73,3,14.0,1,Travel_Rarely,No,3.0,2,3,1,0,No
EMP01348,29,Sales,Intern,3331.75,3,1.0,3,Non-Travel,No,4.0,2,3,0,1,No
EMP00256,25,Engineering,Manager,10384.39,5,2.0,5,Travel_Frequently,Yes,2.0,1,3,1,1,No
EMP00893,20,Sales,Senior,5987.65,0,20.0,4,Non-Travel,Yes,2.0,4,3,2,0,No
EMP00360,33,R&D,Intern,3309.46,4,6.0,3,Non-Travel,No,4.0,4,2,0,1,No
EMP00052,36,R&D,Executive,14539.04,3,17.0,2,Travel_Rarely,Yes,2.0,3,3,4,0,Yes
EMP00876,33,R&D,Senior,6751.95,1,1.0,4,Travel_Rarely,Yes,4.0,2,3,4,1,No
EMP00939,51,Sales,Senior,8098.13,7,5.0,3,Travel_Rarely,No,3.0,2,2,0,0,No
EMP00773,27,R&D,Junior,4038.45,1,20.0,3,Travel_Frequently,No,3.0,4,3,1,0,Yes
EMP01127,33,R&D,Junior,6279.19,10,12.0,3,Travel_Rarely,No,3.0,3,3,2,0,Yes
EMP01220,34,Marketing,Senior,6681.78,6,17.0,3,Travel_Rarely,No,2.0,3,3,4,0,No
EMP00680,30,R&D,Junior,,2,10.0,3,Non-Travel,No,,3,3,1,0,Yes
EMP00806,50,Sales,Junior,6468.49,11,12.0,4,Non-Travel,No,3.0,3,4,3,0,No
EMP00125,34,Marketing,Intern,2736.34,1,4.0,2,Travel_Frequently,No,4.0,2,4,0,0,Yes
EMP00405,47,Marketing,Senior,8155.42,7,13.0,4,Travel_Rarely,No,3.0,2,4,5,0,No
EMP00731,38,R&D,Senior,6933.7,5,40.0,2,Travel_Rarely,No,3.0,2,3,2,1,No
EMP01312,43,HR,Senior,8347.45,3,14.0,5,Non-Travel,No,3.0,4,3,2,0,No
EMP00832,36,R&D,Senior,7787.31,7,9.0,4,Travel_Rarely,Yes,2.0,2,4,1,0,Yes
EMP01072,20,Marketing,Senior,6471.68,0,4.0,3,Travel_Rarely,No,3.0,3,4,1,1,No
EMP00726,29,Sales,Executive,16726.91,0,1.0,5,Non-Travel,Yes,3.0,1,3,4,0,No
EMP00588,48,Marketing,Junior,5638.53,4,7.0,3,Travel_Rarely,No,3.0,4,4,2,0,Yes
EMP00608,29,HR,Manager,10822.5,9,1.0,3,Travel_Frequently,No,2.0,1,3,1,0,No
EMP00434,39,R&D,Manager,8805.85,3,20.0,3,Non-Travel,Yes,3.0,3,3,1,1,No
EMP00675,32,R&D,Senior,7997.08,8,4.0,4,Travel_Frequently,No,4.0,4,3,2,0,No
EMP01288,24,Sales,Senior,8700.03,4,13.0,5,Travel_Rarely,No,4.0,3,4,0,1,No
EMP00361,41,Sales,Senior,7618.71,2,1.0,3,Travel_Rarely,No,3.0,3,2,3,0,No
EMP01100,37,R&D,Senior,6647.97,4,6.0,2,Travel_Frequently,No,3.0,3,3,2,1,No
EMP00467,59,HR,Senior,6407.69,3,3.0,2,Travel_Frequently,No,4.0,2,2,1,0,No
EMP00300,37,Engineering,Senior,7211.19,1,1.0,4,Travel_Rarely,Yes,2.0,3,3,1,0,No
EMP00494,20,Sales,Intern,3412.74,0,17.0,4,Travel_Rarely,No,3.0,4,3,0,0,No
EMP00528,42,Engineering,Manager,10361.33,1,9.0,5,Travel_Frequently,No,3.0,3,3,3,1,No
EMP01193,39,Sales,Junior,3872.64,1,1.0,3,Travel_Frequently,No,4.0,3,3,4,0,Yes
